title,author,genre
It's Only the Himalayas,S. Bedford,Travel
Full Moon over Noahâs Ark: An Odyssey to Mount Ararat and Beyond,Unknown,Travel
See America: A Celebration of Our National Parks & Treasured Sites,Unknown,National parks and reserves
Vagabonding: An Uncommon Guide to the Art of Long-Term World Travel,Shortcut Edition,Business & Economics
Under the Tuscan Sun,Frances Mayes,Travel
A Summer In Europe,Marilyn Brant,Travel
The Great Railway Bazaar,Paul Theroux,Travel
A Year in Provence (Provence #1),Peter Mayle,Biography & Autobiography
The Road to Little Dribbling: Adventures of an American in Britain (Notes From a Small Island #2),Bill Bryson,Travel
Neither Here nor There: Travels in Europe,Bill Bryson,Humor
"1,000 Places to See Before You Die",Patricia Schultz,Travel
Sharp Objects,Gillian Flynn,Mystery
"In a Dark, Dark Wood",Ruth Ware,Mystery
The Past Never Ends,Jackson Burnett,Mystery
A Murder in Time,Julie McElwain,Mystery
The Murder of Roger Ackroyd (Hercule Poirot #4),Agatha Christie,Fiction
The Last Mile (Amos Decker #2),David Baldacci,Fiction
That Darkness (Gardiner and Renner #1),Lisa Black,Forensic scientists
Tastes Like Fear (DI Marnie Rome #3),Unknown,Mystery
A Time of Torment (Charlie Parker #14),Charlie Parker,Mystery
A Study in Scarlet (Sherlock Holmes #1),Sir Arthur Conan Doyle,Mystery
Poisonous (Max Revere Novels #3),Unknown,Mystery
Murder at the 42nd Street Library (Raymond Ambler #1),Con Lehane,Fiction
Most Wanted,Celeste Bradley,Mystery
Hide Away (Eve Duncan #20),Iris Johansen,"Duncan, Eve (Fictitious character)"
Boar Island (Anna Pigeon #19),Unknown,Mystery
The Widow,Georgette Heyer,Mystery
Playing with Fire,Derek Landy,Mystery
What Happened on Beale Street (Secrets of the South Mysteries #2),Mary Ellis,Fiction
The Bachelor Girl's Guide to Murder (Herringford and Watts Mysteries #1),Unknown,Mystery
Delivering the Truth (Quaker Midwife Mystery #1),Edith Maxwell,Fiction
The Mysterious Affair at Styles (Hercule Poirot #1),Agatha Christie,Mystery
In the Woods (Dublin Murder Squad #1),Tana French,Children
The Silkworm (Cormoran Strike #2),Robert Galbraith,Fiction
The Exiled,Pearl S. Buck,Mystery
The Cuckoo's Calling (Cormoran Strike #1),Robert Galbraith,Fiction
Extreme Prey (Lucas Davenport #26),John Sandford,Detective and mystery stories
Career of Evil (Cormoran Strike #3),Robert Galbraith,Mystery
The No. 1 Ladies' Detective Agency (No. 1 Ladies' Detective Agency #1),Unknown,Mystery
The Girl You Lost,"Croft, Kathryn (Novelist)",Mystery
The Girl In The Ice (DCI Erika Foster #1),Robert Bryndza,Mystery
Blood Defense (Samantha Brinkman #1),Unknown,Mystery
1st to Die (Women's Murder Club #1),James Patterson,Mystery
Tipping the Velvet,Sarah Waters,Historical Fiction
Forever and Forever: The Courtship of Henry Longfellow and Fanny Appleton,F. E. Longfellow,Historical Fiction
A Flight of Arrows (The Pathfinders #2),Unknown,Historical Fiction
The House by the Lake,Eleanor Farnes,Historical Fiction
Mrs. Houdini,Victoria Kelly,Historical Fiction
The Marriage of Opposites,Alice Hoffman,Historical Fiction
Glory over Everything: Beyond The Kitchen House,Kathleen Grissom,Fugitive slaves
"Love, Lies and Spies",Cindy Anstey,Historical Fiction
A Paris Apartment,Michelle Gable,Historical Fiction
Lilac Girls,Martha Hall Kelly,Historical Fiction
The Constant Princess (The Tudor Court #1),Philippa Gregory,Fiction
The Invention of Wings,Sue Monk Kidd,Historical Fiction
World Without End (The Pillars of the Earth #2),Bill Harrar,Historical Fiction
The Passion of Dolssa,Julie Berry,Historical Fiction
Girl With a Pearl Earring,Tracy Chevalier,Historical Fiction
Voyager (Outlander #3),Diana Gabaldon,Fiction
The Red Tent,Anita Diamant,Historical Fiction
The Last Painting of Sara de Vos,Dominic Smith,Historical Fiction
The Guernsey Literary and Potato Peel Pie Society,Mary Ann Shaffer,Historical Fiction
Girl in the Blue Coat,Monica Hesse,Historical Fiction
Between Shades of Gray,Ruta Sepetys,Historical Fiction
While You Were Mine,Ann Howard Creel,Historical Fiction
The Secret Healer,Bernard Frank,Historical Fiction
Starlark,Cael Percy,Historical Fiction
Lost Among the Living,Simone St. James,Historical Fiction
A Spy's Devotion (The Regency Spies of London #1),Melanie Dickerson,Christian fiction
Scott Pilgrim's Precious Little Life (Scott Pilgrim #1),Bryan Lee O'Malley,Dating (Social customs)
Tsubasa: WoRLD CHRoNiCLE 2 (Tsubasa WoRLD CHRoNiCLE #2),CLAMP,Comics & Graphic Novels
This One Summer,Mariko Tamaki,Sequential Art
The Nameless City (The Nameless City #1),Unknown,Sequential Art
"Saga, Volume 5 (Saga (Collected Editions) #5)",Jeff Smith,Bone (Fictitious character)
"Rat Queens, Vol. 3: Demons (Rat Queens (Collected Editions) #11-15)",Kurtis J. Wiebe,Comics & Graphic Novels
"Princess Jellyfish 2-in-1 Omnibus, Vol. 01 (Princess Jellyfish 2-in-1 Omnibus #1)",Akiko Higashimura,Comics & Graphic Novels
"Pop Gun War, Volume 1: Gift",Farel Dalrymple,Comics & Graphic Novels
Patience,Kathryn Kyle,Sequential Art
"Outcast, Vol. 1: A Darkness Surrounds Him (Outcast #1)",Robert Kirkman,Alienation (Social psychology)
orange: The Complete Collection 1 (orange: The Complete Collection #1),Unknown,Sequential Art
"Lumberjanes, Vol. 2: Friendship to the Max (Lumberjanes #5-8)",Noelle Stevenson,Sequential Art
"Lumberjanes, Vol. 1: Beware the Kitten Holy (Lumberjanes #1-4)",Shannon Watters,Juvenile Fiction
Lumberjanes Vol. 3: A Terrible Plan (Lumberjanes #9-12),ND Stevenson,Juvenile Fiction
"I Hate Fairyland, Vol. 1: Madly Ever After (I Hate Fairyland (Compilations) #1-5)",Skottie Young,Sequential Art
I am a Hero Omnibus Volume 1,Kengo Hanzawa,Comics & Graphic Novels
"Giant Days, Vol. 2 (Giant Days #5-8)",John Allison,Sequential Art
Danganronpa Volume 1,Takashi Tsukimi,Comics & Graphic Novels
"Codename Baboushka, Volume 1: The Conclave of Death",Antony Johnston,Comics & Graphic Novels
Camp Midnight,Laura Sieveking,Sequential Art
"Bitch Planet, Vol. 1: Extraordinary Machine (Bitch Planet (Collected Editions))",Kelly Sue DeConnick,Comics & Graphic Novels
The Shadow Hero (The Shadow Hero),Gene Luen Yang,Sequential Art
"Fables, Vol. 1: Legends in Exile (Fables #1)",Bill Willingham,Comics & Graphic Novels
Batman: The Long Halloween (Batman),Jeph Loeb,Sequential Art
Batman: The Dark Knight Returns (Batman),Frank Miller,Comics & Graphic Novels
"Wonder Woman: Earth One, Volume One (Wonder Woman: Earth One #1)",Grant Morrison,Comics & Graphic Novels
"We Are Robin, Vol. 1: The Vigilante Business (We Are Robin #1)",Lee Bermejo,Comics & Graphic Novels
Through the Woods,Emily Carroll,Sequential Art
Superman Vol. 1: Before Truth (Superman by Gene Luen Yang #1),Gene Luen Yang,Comics & Graphic Novels
"So Cute It Hurts!!, Vol. 6 (So Cute It Hurts!! #6)",Unknown,Sequential Art
Robin War,Tom King,Sequential Art
"Red Hood/Arsenal, Vol. 1: Open for Business (Red Hood/Arsenal #1)",Scott Lobdell,Comics & Graphic Novels
"Naruto (3-in-1 Edition), Vol. 14: Includes Vols. 40, 41 & 42 (Naruto: Omnibus #14)",Masashi Kishimoto,Sequential Art
Lowriders to the Center of the Earth (Lowriders in Space #2),Cathy Camper,Juvenile Fiction
El Deafo,Cece Bell,Sequential Art
Batman: Europa,Azzarello Brian,Comics & Graphic Novels
Art Ops Vol. 1,Sukla Das,Design
"Adulthood Is a Myth: A ""Sarah's Scribbles"" Collection",Sarah Andersen,Humor
"Fruits Basket, Vol. 9 (Fruits Basket #9)",Natsuki Takaya,"Comic books, strips, etc"
Roller Girl,Victoria Jamieson,Sequential Art
"Fruits Basket, Vol. 7 (Fruits Basket #7)",Natsuki Takaya,"Astrology, Chinese"
"Fruits Basket, Vol. 6 (Fruits Basket #6)",Natsuki Takaya,Sequential Art
"Death Note, Vol. 6: Give-and-Take (Death Note #6)",Tsugumi Ohba,Sequential Art
"Fruits Basket, Vol. 5 (Fruits Basket #5)",Natsuki Takaya,Comics & Graphic Novels
"Death Note, Vol. 5: Whiteout (Death Note #5)",Tsugumi Ōba,Sequential Art
"The Demon Prince of Momochi House, Vol. 4 (The Demon Prince of Momochi House #4)",Aya Shouoto,Comics & Graphic Novels
"Fruits Basket, Vol. 4 (Fruits Basket #4)",Natsuki Takaya,Comics & Graphic Novels
"The Wicked + The Divine, Vol. 3: Commercial Suicide (The Wicked + The Divine)",Kieron Gillen,Comics & Graphic Novels
"The Sandman, Vol. 3: Dream Country (The Sandman (volumes) #3)",Neil Gaiman,Comics & Graphic Novels
"Saga, Volume 3 (Saga (Collected Editions) #3)",A. G. Howard,Young Adult Fiction
Prodigy: The Graphic Novel (Legend: The Graphic Novel #2),Rick Riordan,Juvenile Fiction
Persepolis: The Story of a Childhood (Persepolis #1-2),Marjane Satrapi,Sequential Art
Original Fake,Kirstin Cronn-Mills,Sequential Art
"Grayson, Vol 3: Nemesis (Grayson #3)",Tom King,Comics & Graphic Novels
"Fruits Basket, Vol. 3 (Fruits Basket #3)",Natsuki Takaya,Comics & Graphic Novels
"Black Butler, Vol. 1 (Black Butler #1)",Yana Toboso,Comics & Graphic Novels
Awkward,Henry James,Sequential Art
"The Sandman, Vol. 2: The Doll's House (The Sandman (volumes) #2)",Neil Gaiman,Comics & Graphic Novels
"Saga, Volume 2 (Saga (Collected Editions) #2)",Stan Sakai,Comics & Graphic Novels
"Fruits Basket, Vol. 2 (Fruits Basket #2)",Natsuki Takaya,Sequential Art
"Y: The Last Man, Vol. 1: Unmanned (Y: The Last Man #1)",Brian K. Vaughan,Comics & Graphic Novels
"The Wicked + The Divine, Vol. 1: The Faust Act (The Wicked + The Divine)",Kieron Gillen,Comics & Graphic Novels
"The Sandman, Vol. 1: Preludes and Nocturnes (The Sandman (volumes) #1)",Neil Gaiman,Comics & Graphic Novels
The Complete Maus (Maus #1-2),Art Spiegelman,Sequential Art
"Skip Beat!, Vol. 01 (Skip Beat! #1)",Yoshiki Nakamura,Comics & Graphic Novels
"Saga, Volume 1 (Saga (Collected Editions) #1)",Stan Sakai,Comics & Graphic Novels
"Rat Queens, Vol. 1: Sass & Sorcery (Rat Queens (Collected Editions) #1-5)",Kurtis J. Wiebe,Assassins
"Paper Girls, Vol. 1 (Paper Girls #1-5)",Brian K. Vaughan,Comics & Graphic Novels
"Ouran High School Host Club, Vol. 1 (Ouran High School Host Club #1)",Bisco Hatori,Comics & Graphic Novels
"Ms. Marvel, Vol. 1: No Normal (Ms. Marvel (2014-2015) #1)",G. Willow Wilson,Comics & Graphic Novels
"Hawkeye, Vol. 1: My Life as a Weapon (Hawkeye #1)",Unknown,Comics & Graphic Novels
"Giant Days, Vol. 1 (Giant Days #1-4)",John Allison,Young Adult Fiction
"Fruits Basket, Vol. 1 (Fruits Basket #1)",Natsuki Takaya,Sequential Art
"Bleach, Vol. 1: Strawberry and the Soul Reapers (Bleach #1)",Tite Kubo,Comics & Graphic Novels
"Ajin: Demi-Human, Volume 1 (Ajin: Demi-Human #1)",Gamon Sakurai,Sequential Art
The Secret Garden,Frances Hodgson Burnett,Classics
The Metamorphosis,"Kuper, Peter",Classics
The Pilgrim's Progress,John Bunyan,Classics
The Hound of the Baskervilles (Sherlock Holmes #5),Arthur Conan Doyle,Classics
Little Women (Little Women #1),Louisa May Alcott,Classics
Gone with the Wind,Margaret Mitchell,Classics
Candide,Voltaire,Classics
Animal Farm,George Orwell,Classics
Wuthering Heights,Emily Brontë,Classics
The Picture of Dorian Gray,Oscar Wilde,Classics
The Complete Stories and Poems (The Works of Edgar Allan Poe [Cameo Edition]),Edgar Allan Poe,Fiction
Beowulf,Anonymous,Classics
And Then There Were None,Agatha Christie,Classics
The Story of Hong Gildong,Kyun Hŏ,Classics
The Little Prince,James E. Higgins,Classics
Sense and Sensibility,Jane Austen,Classics
Of Mice and Men,John Steinbeck,Classics
Emma,Jane Austen,Classics
Alice in Wonderland (Alice's Adventures in Wonderland #1),Lewis Carroll,Classics
Sophie's World,Jostein Gaarder,Philosophy
The Death of Humanity: and the Case for Life,Richard Weikart,Religion
The Stranger,Mark Twain,Philosophy
Proofs of God: Classical Arguments from Tertullian to Barth,George Stuart Fullerton,Self-Help
Kierkegaard: A Christian Missionary to Christians,Michio Ogino,Religion
"At The Existentialist CafÃ©: Freedom, Being, and apricot cocktails with: Jean-Paul Sartre, Simone de Beauvoir, Albert Camus, Martin Heidegger, Edmund Husserl, Karl Jaspers, Maurice Merleau-Ponty and others",Sarah Bakewell,Philosophy
Critique of Pure Reason,Immanuel Kant,Philosophy
"Run, Spot, Run: The Ethics of Keeping Pets",Jessica Pierce,Pets
The Nicomachean Ethics,Aristotle,Philosophy
Meditations,Marcus Aurelius,Philosophy
Beyond Good and Evil,Friedrich Nietzsche,Philosophy
Chase Me (Paris Nights #2),Unknown,Romance
Black Dust,Lynn Charles,Romance
Her Backup Boyfriend (The Sorensen Family #1),Ashlee Mallory,Fiction
First and First (Five Boroughs #3),Unknown,Romance
Fifty Shades Darker (Fifty Shades #2),E L James,Fiction
The Wedding Dress,Danielle Steel,Romance
Suddenly in Love (Lake Haven #1),Julia London,Fiction
Something More Than This,Barbie Bohrman,Romance
Doing It Over (Most Likely To #1),Jonna Doolittle Hoppes,History
The Wedding Pact (The O'Malleys #2),Ken Gray,Romance
Hold Your Breath (Search and Rescue #1),Katie Ruggle,Fiction
Dirty (Dive Bar #1),Unknown,Romance
Take Me Home Tonight (Rock Star Romance #3),Erika Kelly,Fiction
Off the Hook (Fishing for Trouble #1),Rosie Barham,Romance
A Gentleman's Position (Society of Gentlemen #3),Jen Turano,Fiction
"Sit, Stay, Love",J. J. Howard,Romance
A Girl's Guide to Moving On (New Beginnings #2),Debbie Macomber,Romance
The Perfect Play (Play by Play #1),George Gladir,Juvenile Fiction
Dark Lover (Black Dagger Brotherhood #1),J. R. WARD,Romance
Changing the Game (Play by Play #2),Samantha Wayland,Fiction
A Walk to Remember,Nicholas Sparks,Romance
The Purest Hook (Second Circle Tattoos #3),Unknown,Romance
The Obsession,Nora Roberts,Romance
Reservations for Two,Jennifer Lohmann,Romance
Best of My Love (Fool's Gold #20),Unknown,Romance
Where Lightning Strikes (Bleeding Stars #3),Unknown,Romance
This One Moment (Pushing Limits #1),Unknown,Romance
"Rhythm, Chord & Malykhin",Mariana Zapata,Romance
My Perfect Mistake (Over the Top #1),Sherree Wilson,Self-Help
Listen to Me (Fusion #1),Unknown,Romance
Imperfect Harmony,Joshua Coleman,Romance
Fighting Fate (Fighting #6),Maree Green,Romance
Deep Under (Walker Security #1),Unknown,Romance
Charity's Cross (Charles Towne Belles #4),Unknown,Romance
Bounty (Colorado Mountain #7),Unknown,Romance
I Had a Nice Time And Other Lies...: How to find love & sh*t like that,Betches,Humor
Will You Won't You Want Me?,Nora Zelevansky,Womens Fiction
Keep Me Posted,Lisa Beazley,Womens Fiction
Grey (Fifty Shades #4),E L James,Fiction
Meternity,Meghann Foye,Womens Fiction
Some Women,Robert Mapplethorpe,Womens Fiction
Shopaholic Ties the Knot (Shopaholic #3),Sophie Kinsella,"Bloomwood, Becky (Fictitious character)"
Can You Keep a Secret?,Sophie Kinsella,Womens Fiction
Twenties Girl,Sophie Kinsella,Womens Fiction
The Undomestic Goddess,Sophie Kinsella,Womens Fiction
The Nanny Diaries (Nanny #1),Emma McLaughlin,Womens Fiction
The Devil Wears Prada (The Devil Wears Prada #1),Unknown,Womens Fiction
Something Borrowed (Darcy & Rachel #1),Unknown,Womens Fiction
Something Blue (Darcy & Rachel #2),Unknown,Womens Fiction
I've Got Your Number,Sophie Kinsella,Womens Fiction
The Edge of Reason (Bridget Jones #2),Bright Summaries,Study Aids
Bridget Jones's Diary (Bridget Jones #1),Unknown,Womens Fiction
Soumission,Michel Houellebecq,Fiction
Private Paris (Private #10),James Patterson,Large type books
"We Love You, Charlie Freeman",Kaitlyn Greenidge,Fiction
Thirst,Varsha Bajaj,Fiction
The Murder That Never Was (Forensic Instincts #5),Unknown,Fiction
Tuesday Nights in 1980,Molly Prentiss,Fiction
The Vacationers,Emma Straub,Fiction
The Regional Office Is Under Attack!,Manuel Gonzales,Fiction
Finders Keepers (Bill Hodges Trilogy #2),Geoffrey Homes,Fiction
The Time Keeper,Mitch Albom,Fiction
The Testament of Mary,Colm Tóibín,Fiction
The First Hostage (J.B. Collins #2),Unknown,Fiction
Take Me with You,Catherine Ryan Hyde,Fiction
Still Life with Bread Crumbs,Anna Quindlen,Fiction
Shtum,Jem Lester,Fiction
My Name Is Lucy Barton,Elizabeth Strout,Fiction
My Mrs. Brown,William Norwich,Fiction
Mr. Mercedes (Bill Hodges Trilogy #1),Stephen King,Fiction
I Am Pilgrim (Pilgrim #1),Terry Hayes,Fiction
Eligible (The Austen Project #4),Unknown,Fiction
Eight Hundred Grapes,Laura Dave,Fiction
Dear Mr. Knightley,Katherine Reay,Fiction
Cometh the Hour (The Clifton Chronicles #6),Jeffrey Archer,Fiction
Balloon Animals,Barb Whiter,Fiction
A Man Called Ove,Trivion Books,Fiction
The Silent Sister (Riley MacPherson #1),Margaret Archer,Fiction
The Dinner Party,Claude Mauriac,Fiction
The Improbability of Love,Hannah Rothschild,Fiction
Mothering Sunday,Graham Swift,Fiction
Lies and Other Acts of Love,Kristy Woodson Harvey,Fiction
Daredevils,David Mazzucchelli,Fiction
11/22/63,Stephen King,Fiction
The Shack,William P. Young,Fiction
The High Mountains of Portugal,Yann Martel,Fiction
Miller's Valley,Anna Quindlen,Fiction
Hystopia: A Novel,David Means,Fiction
The Bourne Identity (Jason Bourne #1),Robert Ludlum,Fiction
Sister Dear,Kate William,Fiction
Memoirs of a Geisha,Arthur Golden,Fiction
Me Before You (Me Before You #1),Jojo Moyes,Fiction
Deception Point,Dan Brown,Fiction
The Little Paris Bookshop,Nina George,Fiction
The Firm,John Grisham,Fiction
The Expatriates,Janice Y. K. Lee,Fiction
Siddhartha,Hermann Hesse,Fiction
Last One Home (New Beginnings #1),Debbie Macomber,Fiction
Digital Fortress,Dan Brown,Fiction
Atlas Shrugged,Ayn Rand,Fiction
Three-Martini Lunch,Suzanne Rindell,Fiction
The Nightingale,Kristin Hannah,Fiction
The Infinities,Franklin W. Dixon,Fiction
The Husband's Secret,Liane Moriarty,Fiction
The Da Vinci Code (Robert Langdon #2),Dan Brown,Suspense fiction
The Art of Fielding,Chad Harbach,Fiction
Lila (Gilead #3),Unknown,Fiction
Jurassic Park (Jurassic Park #1),Michael Crichton,Fiction
Inferno (Robert Langdon #4),Dan Brown,Fiction
Crazy Rich Asians (Crazy Rich Asians #1),Kevin Kwan,Fiction
Big Little Lies,Liane Moriarty,Fiction
The Course of Love,Alain De Botton,Fiction
When I'm Gone,Emily Bleeker,Fiction
The Silent Wife,A. S. A. Harrison,Fiction
The Bette Davis Club,Jane Lotter,Fiction
Kitchens of the Great Midwest,J. Ryan Stradal,Fiction
Bright Lines,Tanwi Nandini Islam,Fiction
Birdsong: A Story in Pictures,James Sturm,Juvenile Fiction
The Bear and the Piano,David Litchfield,Childrens
The Secret of Dreadwillow Carse,Brian Farrey,Childrens
The White Cat and the Monk: A Retelling of the Poem âPangur BÃ¡nâ,Unknown,Childrens
Little Red,Sarah Mountbatten-Windsor Duchess of York,Childrens
Walt Disney's Alice in Wonderland,Teddy Slater,Childrens
Twenty Yawns,Jane Smiley,Childrens
Rain Fish,Lois Ehlert,Childrens
Once Was a Time,Leila Sales,Childrens
Luis Paints the World,Terry Farish,Childrens
Nap-a-Roo,Kristy Kurjan,Childrens
The Whale,Julia Donaldson,Childrens
"Shrunken Treasures: Literary Classics, Short, Sweet, and Silly",Scott Nash,Juvenile Fiction
Raymie Nightingale,Kate DiCamillo,Childrens
Playing from the Heart,Peter H. Reynolds,Childrens
Maybe Something Beautiful: How Art Transformed a Neighborhood,F. Isabel Campoy,Juvenile Fiction
The Wild Robot,Peter Brown,Childrens
The Thing About Jellyfish,Ali Benjamin,Childrens
The Lonely Ones,William Steig,Childrens
The Day the Crayons Came Home (Crayons),Drew Daywalt,Childrens
The Cat in the Hat (Beginner Books B-1),Random House,Juvenile Fiction
Red: The True Story of Red Riding Hood,Agnese Baruzzi,Childrens
Horrible Bear!,"Dyckman, Ame",Childrens
Green Eggs and Ham (Beginner Books B-16),"Scholastic, Inc. Staff",Childrens
Counting Thyme,Melanie Conklin,Childrens
Are We There Yet?,David Levithan,Childrens
Diary of a Minecraft Zombie Book 1: A Scare of a Dare (An Unofficial Minecraft Book),Herobrine Publishing,Minecraft (Game)
Matilda,Roald Dahl,Childrens
Charlie and the Chocolate Factory (Charlie Bucket #1),Roald Dahl,Juvenile Fiction
"Don't Be a Jerk: And Other Practical Advice from Dogen, Japan's Greatest Zen Master",Brad Warner,Religion
You Are What You Love: The Spiritual Power of Habit,Drew Dyck,Religion
God: The Most Unpleasant Character in All Fiction,Jack Symes,Philosophy
The Book of Mormon,"Joseph Smith, Jr.",Religion
"A History of God: The 4,000-Year Quest of Judaism, Christianity, and Islam",Worth Books,Religion
The Bhagavad Gita,Edwin Arnold,Religion
Choosing Our Religion: The Spiritual Lives of America's Nones,Elizabeth Drescher,Religion
Worlds Elsewhere: Journeys Around Shakespeareâs Globe,Ann HARDY,Theater
The Five Love Languages: How to Express Heartfelt Commitment to Your Mate,Gary D. Chapman,Religion
Reasons to Stay Alive,Matt Haig,Nonfiction
#HigherSelfie: Wake Up Your Life. Free Your Soul. Find Your Tribe.,Lucy Sheridan,"Body, Mind & Spirit"
"Unseen City: The Majesty of Pigeons, the Discreet Charm of Snails & Other Wonders of the Urban Wilderness",Nathanael Johnson,Biography & Autobiography
Throwing Rocks at the Google Bus: How Growth Became the Enemy of Prosperity,Douglas Rushkoff,Business & Economics
The Life-Changing Magic of Tidying Up: The Japanese Art of Decluttering and Organizing,Decluttering and Decluttering and Organizing,Nonfiction
The Gutsy Girl: Escapades for Your Life of Epic Adventure,Caroline Paul,Juvenile Nonfiction
The Electric Pencil: Drawings from Inside State Hospital No. 3,James Edward Deeds,Art
Spark Joy: An Illustrated Master Class on the Art of Organizing and Tidying Up,Marie Kondo,House & Home
Reskilling America: Learning to Labor in the Twenty-First Century,"Meçik, Oytun",Business & Economics
In the Country We Love: My Family Divided,Diane Guerrero,Biography & Autobiography
Everydata: The Misinformation Hidden in the Little Data You Consume Every Day,John H. Johnson,Business & Economics
Call the Nurse: True Stories of a Country Nurse on a Scottish Isle,Mary J. MacLeod,Biography & Autobiography
Algorithms to Live By: The Computer Science of Human Decisions,Brian Christian,Science
The Power of Now: A Guide to Spiritual Enlightenment,Eckhart Tolle,Nonfiction
The Omnivore's Dilemma: A Natural History of Four Meals,Worth Books,Nonfiction
The Genius of Birds,Jennifer Ackerman,Nonfiction
The Artist's Way: A Spiritual Path to Higher Creativity,Julia Cameron,Art
So You've Been Publicly Shamed,Jon Ronson,Nonfiction
"Daring Greatly: How the Courage to Be Vulnerable Transforms the Way We Live, Love, Parent, and Lead",The Review Press,Nonfiction
Big Magic: Creative Living Beyond Fear,Mentors Library,Self-Help
Becoming Wise: An Inquiry into the Mystery and Art of Living,Krista Tippett,Religion
Agnostic: A Spirited Manifesto,Lesley Hazleton,Religion
Whole Lotta Creativity Going On: 60 Fun and Unusual Exercises to Awaken and Strengthen Your Creativity,Regina Pacelli,Self-Help
What's It Like in Space?: Stories from Astronauts Who've Been There,Chris Hadfield,Biography & Autobiography
The Year of Magical Thinking,Joan Didion,Nonfiction
The Literature Book (Big Ideas Simply Explained),DK,Literary Criticism
The Bad-Ass Librarians of Timbuktu: And Their Race to Save the Worldâs Most Precious Manuscripts,Joshua Hammer,Biography & Autobiography
Swell: A Year of Waves,Raymond C. Smith,Ocean waves
No Dream Is Too High: Life Lessons From a Man Who Walked on the Moon,Buzz Aldrin,Biography & Autobiography
Looking for Lovely: Collecting the Moments that Matter,Annie F. Downs,"Body, Mind & Spirit"
Let It Out: A Journey Through Journaling,Katie Dalebout,Self-Help
Hamilton: The Revolution,Scott Miller,Nonfiction
"Far & Away: Places on the Brink of Change: Seven Continents, Twenty-Five Years",Andrew Solomon,Nonfiction
"Eaternity: More than 150 Deliciously Easy Vegan Recipes for a Long, Healthy, Satisfied, Joyful Life",Sharon Gannon,Cooking
Buying In: The Secret Dialogue Between What We Buy and Who We Are,Joe Vitale,Business & Economics
Brain on Fire: My Month of Madness,Paul Adams / Bookhabits,Nonfiction
Abstract City,Christoph Niemann,Nonfiction
13 Hours: The Inside Account of What Really Happened In Benghazi,J.J. Holt,History
The Lonely City: Adventures in the Art of Being Alone,Olivia Laing,Biography & Autobiography
The Diary of a Young Girl,Cherry Gilchrist,Nonfiction
Snatched: How A Drug Queen Went Undercover for the DEA and Was Kidnapped By Colombian Guerillas,Lia Posada,Political Science
Furiously Happy: A Funny Book About Horrible Things,Jenny Lawson,Biography & Autobiography
"The Sleep Revolution: Transforming Your Life, One Night at a Time",Arianna Huffington,Sleep deprivation
"Mother, Can You Not?",Kate Siegel,Nonfiction
A Mother's Reckoning: Living in the Aftermath of Tragedy,Sue Klebold,Biography & Autobiography
"10% Happier: How I Tamed the Voice in My Head, Reduced Stress Without Losing My Edge, and Found Self-Help That Actually Works",Shortcut Edition,Business & Economics
Chernobyl 01:23:40: The Incredible True Story of the World's Worst Nuclear Disaster,"50minutes,",History
"Zero to One: Notes on Startups, or How to Build the Future",Whizbooks,Nonfiction
Why Not Me?,Mindy Kaling,Nonfiction
When Breath Becomes Air,Paul Kalanithi,Nonfiction
"The Midnight Assassin: Panic, Scandal, and the Hunt for America's First Serial Killer",Lise Olsen,True Crime
Smarter Faster Better: The Secrets of Being Productive in Life and Business,Worth Books,Nonfiction
Rising Strong,Brené Brown,Nonfiction
Man's Search for Meaning,Duncan Howlett,Nonfiction
"Love That Boy: What Two Presidents, Eight Road Trips, and My Son Taught Me About a Parent's Expectations",Cameron Johnson,Family & Relationships
Living Forward: A Proven Plan to Stop Drifting and Get the Life You Want,Goldmine Reads,Business & Economics
I Will Find You,Harlan Coben,Nonfiction
Brazen: The Courage to Find the You That's Been Hiding,R. Dennis Baird,Fiction
Between the World and Me,Ta-Nehisi Coates,Nonfiction
Being Mortal: Medicine and What Matters in the End,Boyce Chiodi,Nonfiction
"A Murder Over a Girl: Justice, Gender, Junior High",Ken Corbett,Nonfiction
For the Love: Fighting for Grace in a World of Impossible Standards,Instaread,Religion
Finding God in the Ruins: How God Redeems Pain,Matt Bays,Christian life
The Man Who Mistook His Wife for a Hat and Other Clinical Tales,Oliver Sacks,Nonfiction
In Cold Blood,Truman Capote,Nonfiction
"Girl, Interrupted",Susanna Kaysen,Nonfiction
Why Save the Bankers?: And Other Essays on Our Economic and Political Crisis,Thomas Piketty,Business & Economics
Talking to Girls About Duran Duran: One Young Man's Quest for True Love and a Cooler Haircut,Rob Sheffield,Biography & Autobiography
My Mother Was Nuts,Penny Marshall,Nonfiction
"Data, A Love Story: How I Gamed Online Dating to Meet My Match",Amy Webb,Biography & Autobiography
The Jazz of Physics: The Secret Link Between Music and the Structure of the Universe,Stephon Alexander,Science
The Gunning of America: Business and the Making of American Gun Culture,Pamela Haag,History
The Geography of Bliss: One Grump's Search for the Happiest Places in the World,Eric Weiner,Travel
God Is Not Great: How Religion Poisons Everything,Christopher Hitchens,Nonfiction
We the People: The Modern-Day Figures Who Have Reshaped and Affirmed the Founding Fathers' Vision of America,founding fathers,Nonfiction
Very Good Lives: The Fringe Benefits of Failure and the Importance of Imagination,J. K. Rowling,Nonfiction
"Unstuffed: Decluttering Your Home, Mind, and Soul",Brenda K Moore,Religion
Under the Banner of Heaven: A Story of Violent Faith,Jon Krakauer,True Crime
"Trespassing Across America: One Man's Epic, Never-Done-Before (and Sort of Illegal) Hike Across the Heartland",Ken Ilgunas,Biography & Autobiography
The Name of God is Mercy,Instaread Summaries,Nonfiction
Stiff: The Curious Lives of Human Cadavers,Worth Books,Nonfiction
Spilled Milk: Based on a True Story,K. L. Randis,Child abuse
"Rise of the Rocket Girls: The Women Who Propelled Us, from Missiles to the Moon to Mars",Worth Books,Nonfiction
Outliers: The Story of Success,BookCaps Study Guides Staff,Nonfiction
Notes from a Small Island (Notes From a Small Island #1),Bill Bryson,Nonfiction
Night (The Night Trilogy #1),Jane Hinchey,Fiction
"Miracles from Heaven: A Little Girl, Her Journey to Heaven, and Her Amazing Story of Healing",Christy Wilson Beam,Biography & Autobiography
Letter to a Christian Nation,Sam Harris,Nonfiction
Let's Pretend This Never Happened: A Mostly True Memoir,Jennie Goodrich,Nonfiction
It's Never Too Late to Begin Again: Discovering Creativity and Meaning at Midlife and Beyond,Julia Cameron,Self-Help
Into the Wild,Erin Hunter,Nonfiction
"In the Garden of Beasts: Love, Terror, and an American Family in Hitler's Berlin",Arwen Lee Adams Bicknell,Study Aids
I Am Malala: The Girl Who Stood Up for Education and Was Shot by the Taliban,Whizbooks,Nonfiction
Gratitude,Oliver Sacks,Nonfiction
Disrupted: My Misadventure in the Start-Up Bubble,Dan Lyons,Computers
Brave Enough,Nicole Unice,Nonfiction
"Born to Run: A Hidden Tribe, Superathletes, and the Greatest Race the World Has Never Seen",Worth Books,Sports & Recreation
Blink: The Power of Thinking Without Thinking,Unknown,Self-Help
Black Flags: The Rise of ISIS,Worth Books,Nonfiction
Are We Smart Enough to Know How Smart Animals Are?,Frans De Waal,Nonfiction
A Walk in the Woods: Rediscovering America on the Appalachian Trail,Tiffanie Wen,Study Aids
"The Suffragettes (Little Black Classics, #96)",Unknown,Nonfiction
Kindle Paperwhite User's Guide,Daniel McDermott,Nonfiction
H is for Hawk,Helen Macdonald,Nonfiction
Travels with Charley: In Search of America,john steinbeck,Nonfiction
The Tumor,Robert Carachi,Nonfiction
The End of the Jesus Era (An Investigation #1),Danail Hristov,Nonfiction
"Eat, Pray, Love",Elizabeth Gilbert,Nonfiction
Rip it Up and Start Again,Simon Reynolds,Music
"Our Band Could Be Your Life: Scenes from the American Indie Underground, 1981-1991",Michael Azerrad,Music
How Music Works,David Byrne,Music
Love Is a Mix Tape (Music #1),Rob Sheffield,Fiction
Please Kill Me: The Uncensored Oral History of Punk,Legs McNeil,Music
Kill 'Em and Leave: Searching for James Brown and the American Soul,James McBride,Biography & Autobiography
"Chronicles, Vol. 1",Karl Smith,Music
This Is Your Brain on Music: The Science of a Human Obsession,Daniel J. Levitin,Science
"Orchestra of Exiles: The Story of Bronislaw Huberman, the Israel Philharmonic, and the One Thousand Jews He Saved from Nazi Horrors",Josh Aronson,History
No One Here Gets Out Alive,Jerry Hopkins,Music
Life,Mark Twain,Music
Old Records Never Die: One Man's Quest for His Vinyl and His Past,Eric Spitznagel,Antiques & Collectibles
Forever Rockers (The Rocker #12),Terri Anne Browning,Man-woman relationships
"The Coming Woman: A Novel Based on the Life of the Infamous Feminist, Victoria Woodhull",Jacqueline McLean,Biography & Autobiography
The Boys in the Boat: Nine Americans and Their Epic Quest for Gold at the 1936 Berlin Olympics,Whizbooks,Default
"Starving Hearts (Triangular Trade Trilogy, #1)",Unknown,Default
America's Cradle of Quarterbacks: Western Pennsylvania's Football Factory from Johnny Unitas to Joe Montana,Wayne Stewart,Football
Aladdin and His Wonderful Lamp,Richard Francis Burton,Default
Penny Maybe,Kathleen Martin,Default
Maude (1883-1993):She Grew Up with the country,Mardo Williams,Biography & Autobiography
"The Inefficiency Assassin: Time Management Tactics for Working Smarter, Not Longer",Unknown,Success in business
Soul Reader,Dianne Bright,Default
Bossypants,Tina Fey,Default
A World of Flavor: Your Gluten Free Passport,Amber Barrett,Gluten-free diet
"A Piece of Sky, a Grain of Rice: A Memoir in Four Meditations",Christine Hale,Default
Tracing Numbers on a Train,James McDonald,Default
Thirteen Reasons Why,Jay Asher,Default
The Secret (The Secret #1),Alma Alexander,Default
The Psychopath Test: A Journey Through the Madness Industry,Jon Ronson,Psychology
The Kite Runner,Khaled Hosseini,Default
The Girl on the Train,Paula Hawkins,Default
The Emerald Mystery,j. a. lath,Default
The Bridge to Consciousness: I'm Writing the Bridge Between Science and Our Old and New Beliefs.,David J Conway,Science
The Art of War,孙武,Default
Secrets and Lace (Fatal Hearts #1),Al Lacy,Fiction
Romero and Juliet: A Tragic Tale of Love and Zombies,Koji Steven Sakai,Default
Poses for Artists Volume 1 - Dynamic and Sitting Poses: An Essential Reference for Figure Drawing and the Human Form,Justin R. Martin,Default
Miss Peregrineâs Home for Peculiar Children (Miss Peregrineâs Peculiar Children #1),Ransom Riggs,Comics & Graphic Novels
Large Print Heart of the Pride,Tyndale,Bibles
Grumbles,Tricia Goyer,Default
First Steps for New Christians (Print Edition),Eddie Rasnake,Religion
Eureka Trivia 6.0,Darrick Williams,Games
Drive: The Surprising Truth About What Motivates Us,Daniel H. Pink,Business & Economics
Done Rubbed Out (Reightman & Bailey #1),Unknown,Default
Beauty Restored (Riley Family Legacy Novellas #3),Unknown,Default
Ayumi's Violin,Mariko Tatsumoto,Default
Anonymous,Donna Leon,Default
Amy Meets the Saints and Sages,Ernie Rosenberg,Default
Amatus,Gregory Preisel,Default
V for Vendetta (V for Vendetta Complete),Alan Moore,Comics & Graphic Novels
"Unbroken: A World War II Story of Survival, Resilience, and Redemption",K. D. Phillips,Default
The Wright Brothers,David McCullough,Default
The Songs of the Gods,Dimitrios Spyridon Chytiris,Default
The Rosie Project (Don Tillman #1),Graeme Simsion,Fiction
The Power of Habit: Why We Do What We Do in Life and Business,P. James Holland,Default
Steve Jobs,Walter Isaacson,Default
Luckiest Girl Alive,Jessica Knoll,Default
"Living Leadership by Insight: A Good Leader Achieves, a Great Leader Builds Monuments",Gardner E. Daniel,Education
Lady Midnight (The Dark Artifices #1),Cassandra Clare,Young Adult Fiction
"Hush, Hush (Hush, Hush #1)",Becca Fitzpatrick,Young Adult Fiction
Greek Mythic History,Spencer Clevenger,Fiction
Every Last Word,Tamara Ireland Stone,Default
Daily Fantasy Sports,Jay Correia,Default
Clockwork Angel (The Infernal Devices #1),Cassandra Clare,Young Adult Fiction
City of Fallen Angels (The Mortal Instruments #4),Cassandra Clare,Fiction
City of Bones (The Mortal Instruments #1),Cassandra Clare,Juvenile Fiction
City of Ashes (The Mortal Instruments #2),Lois H. Gresh,Juvenile Nonfiction
"Carry On, Warrior: Thoughts on Life Unarmed",Glennon Doyle,Alcoholics
Carrie,Stephen King,Default
Angels & Demons (Robert Langdon #1),Dan Brown,Fiction
"The Three Searches, Meaning, and the Story",John H.T. Francis,Self-Help
Raspberry Pi Electronics Projects for the Evil Genius,"Norris, Donald (Electrical engineer)",Default
How to Speak Golf: An Illustrated Guide to Links Lingo,Sally Cook,Sports & Recreation
Eleanor & Park,Rainbow Rowell,Default
Troublemaker: Surviving Hollywood and Scientology,Leah Remini,Biography & Autobiography
Adultery,Annette Lawson,Default
Unlimited Intuition Now,Catherine Carrigan,Default
Underlying Notes,Eva Pasco,Default
The New Brand You: Your New Image Makes the Sale for You,Peter W. Rea,Performing Arts
The Flowers Lied,D. M. Thornton,Default
"NaNo What Now? Finding your editing process, revising your NaNoWriMo book and building a writing career through publishing and beyond",Robbie Mccauley,Default
Modern Day Fables,Elizabeth BARBER (Novelist),Default
The Unlikely Pilgrimage of Harold Fry (Harold Fry #1),Khadija Caffoor,Humorous stories
The Martian (The Martian #1),Dana George Dunsieth,Fiction
Left Behind (Left Behind #1),Jerry B. Jenkins,Default
John Vassos: Industrial Design for Modern Life,Society of industrial designers (New York),Default
I'll Give You the Sun,Jandy Nelson,Default
Heaven is for Real: A Little Boy's Astounding Story of His Trip to Heaven and Back,Todd Burpo,Juvenile Nonfiction
Ender's Game (The Ender Quintet #1),Orson Scott Card,Fiction
Death by Leisure: A Cautionary Tale,Chris Ayres,Humor
Wildlife of New York: A Five-Borough Coloring Book,Unknown,Animals
The Year of Living Biblically: One Man's Humble Quest to Follow the Bible as Literally as Possible,Mark L. Strauss,Religion
The Great Gatsby,F. Scott Fitzgerald,Default
The Good Girl,Mary Kubica,Default
The 7 Habits of Highly Effective People: Powerful Lessons in Personal Change,Whizbooks,Default
Steal Like an Artist: 10 Things Nobody Told You About Being Creative,Austin Kleon,Default
Life of Pi,Yann Martel,Default
The Sound Of Love,Norma Frances Greco,Default
The Perks of Being a Wallflower,Stephen Chbosky,Default
The Makings of a Fatherless Child,Rex Mildower,Family & Relationships
The Hobbit (Middle-Earth Universe),Christopher A. Snyder,Literary Criticism
The Fellowship of the Ring (The Lord of the Rings #1),J. R. R. Tolkien,Fiction
Ship Leaves Harbor: Essays on Travel by a Recovering Journeyman,Unknown,Default
Musicophilia: Tales of Music and the Brain,Oliver Sacks,Default
What If?: Serious Scientific Answers to Absurd Hypothetical Questions,Randall Munroe,Default
The Fault in Our Stars,John Green,Default
The Dream Thieves (The Raven Cycle #2),Maggie Stiefvater,Young Adult Fiction
The 5th Wave (The 5th Wave #1),Richard Yancey,Default
Shiver (The Wolves of Mercy Falls #1),Maggie Stiefvater,Young Adult Fiction
Remember Me?,Christopher Pike,Default
If I Stay (If I Stay #1),Trivion Books,Fiction
I Know Why the Caged Bird Sings (Maya Angelou's Autobiography #1),Maya Angelou,Biography & Autobiography
Harry Potter and the Deathly Hallows (Harry Potter #7),J.K. Rowling,Juvenile Fiction
Fool Me Once,Fern Michaels,Default
Drama,Raina Telgemeier,Default
"Blue Lily, Lily Blue (The Raven Cycle #3)",Maggie Stiefvater,Fiction
Alight (The Generations Trilogy #2),Unknown,Default
Vogue Colors A to Z: A Fashion Coloring Book,Vogue Fashion Coloring Book,Default
The Shining (The Shining #1),Janette Oke,Fiction
The Hunger Games (The Hunger Games #1),Suzanne Collins,Juvenile Fiction
Outlander (Outlander #1),Diana Gabaldon,Fiction
Mockingjay (The Hunger Games #3),Suzanne Collins,Default
Harry Potter and the Sorcerer's Stone (Harry Potter #1),J. K. Rowling,Juvenile Fiction
Confessions of a Shopaholic (Shopaholic #1),Sophie Kinsella,Fiction
Zero History (Blue Ant #3),Unknown,Default
World War Z: An Oral History of the Zombie War,Max Brooks,Fiction
Wild: From Lost to Found on the Pacific Crest Trail,Whizbooks,Default
"Where'd You Go, Bernadette",Maria Semple,Default
Twilight (Twilight #1),David Preti,Default
The Paris Wife,Paula McLain,Default
The Maze Runner (The Maze Runner #1),James Dashner,Young Adult Fiction
The Lover's Dictionary,David Levithan,Default
The Goldfinch,Donna Tartt,Default
The Giver (The Giver Quartet #1),G Whiz,Default
The Girl Who Played with Fire (Millennium Trilogy #2),Stieg Larsson,Fiction
The Demon-Haunted World: Science as a Candle in the Dark,Carl Sagan,Science
The Book Thief,Markus Zusak,Default
The Autobiography of Malcolm X,Malcolm X,Default
Shopaholic & Baby (Shopaholic #5),Sophie Kinsella,Default
Quiet: The Power of Introverts in a World That Can't Stop Talking,ReeRoos,Default
Packing for Mars: The Curious Science of Life in the Void,Mary Roach,Science
Orange Is the New Black,Piper Kerman,Default
One for the Money (Stephanie Plum #1),Janet Evanovich,Fiction
Morning Star (Red Rising #3),Pierce Brown,Fiction
Life After Life,Raymond A. Moody,Default
"Lean In: Women, Work, and the Will to Lead",Worth Books,Default
Is Everyone Hanging Out Without Me? (And Other Concerns),Mindy Kaling,Default
Gone Girl,Gillian Flynn,Default
Fellside,M. R. Carey,Default
Eclipse (Twilight #3),Stephenie Meyer,Vampires-fiction
Dracula,Bram Stoker,Default
Dead Wake: The Last Crossing of the Lusitania,Erik Larson,History
"David and Goliath: Underdogs, Misfits, and the Art of Battling Giants",J.J. Holt,Psychology
Dark Places,Gillian Flynn,Default
Breaking Dawn (Twilight #4),Stephenie Meyer,Juvenile Fiction
Beautiful Creatures (Caster Chronicles #1),Unknown,Default
A Visit from the Goon Squad,Jennifer Egan,Default
The Zombie Room,R. D. Ronald,Default
The Name of the Wind (The Kingkiller Chronicle #1),Patrick Rothfuss,Fiction
Taking Shots (Assassins #1),Elia Kazan,English fiction
Shatter Me (Shatter Me #1),Tahereh Mafi,Young Adult Fiction
Paradise Lost (Paradise #1),J. Milton,Default
On the Road (Duluoz Legend),Jack Kerouac,Fiction
Jane Eyre,Charlotte Brontë,Default
Frankenstein,Mary Shelley,Default
Mesaerion: The Best Science Fiction Stories 1800-1849,Jules Verne,Fiction
Join,Johanna Lindsey,Science Fiction
"William Shakespeare's Star Wars: Verily, A New Hope (William Shakespeare's Star Wars #4)",Ian Doescher,Fiction
The Project,Graeme Simsion,Science Fiction
Soft Apocalypse,Will McIntosh,Science Fiction
Sleeping Giants (Themis Files #1),Sylvain Neuvel,Young Adult Fiction
Arena,William R. Forstchen,Science Fiction
Foundation (Foundation (Publication Order) #1),Mac Walters,Comics & Graphic Novels
The Restaurant at the End of the Universe (Hitchhiker's Guide to the Galaxy #2),Douglas Adams,Science Fiction
Ready Player One,Ernest Cline,Science Fiction
"Life, the Universe and Everything (Hitchhiker's Guide to the Galaxy #3)",Douglas Adams,Fiction
Dune (Dune #1),Brian Herbert,Comics & Graphic Novels
Do Androids Dream of Electric Sheep? (Blade Runner #1),Philip K. Dick,Science Fiction
Three Wishes (River of Time: California #1),S. C. Loader,Science Fiction
The Last Girl (The Dominion Trilogy #1),Unknown,Science Fiction
Having the Barbarian's Baby (Ice Planet Barbarians #7.5),Ruby Dixon,Science Fiction
The Book of Basketball: The NBA According to The Sports Guy,Bill Simmons,Sports & Recreation
"Friday Night Lights: A Town, a Team, and a Dream",H. G. Bissinger,Education
Sugar Rush (Offensive Line #2),Unknown,Sports and Games
Settling the Score (The Summer Games #1),Tennessee Williams,Sports and Games
Icing (Aces Hockey #2),Kelly Jamieson,Fiction
The Torch Is Passed: A Harding Family Story,Bill Powers,Fiction
"The Mindfulness and Acceptance Workbook for Anxiety: A Guide to Breaking Free from Anxiety, Phobias, and Worry Using Acceptance and Commitment Therapy",John P. Forsyth,Psychology
The Art Forger,Barbara A. Shapiro,Add a comment
On a Midnight Clear,Bruce Hammack,Add a comment
Judo: Seven Steps to Black Belt (an Introductory Guide for Beginners),Rodolfo Tello,Sports & Recreation
"Shobu Samurai, Project Aryoku (#3)",Shinry,Fiction
Modern Romance,Aziz Ansari,Add a comment
The White Queen (The Cousins' War #1),Philippa Gregory,History
The Song of Achilles,Madeline Miller,Add a comment
The Immortal Life of Henrietta Lacks,Rebecca Skloot,Add a comment
The Dovekeepers,Alice Hoffman,Add a comment
More Than Music (Chasing the Dream #1),Unknown,Add a comment
Code Name Verity (Code Name Verity #1),Elizabeth Wein,Young Adult Fiction
Cell,Stephen King,Add a comment
Angels Walking (Angels Walking #1),Karen Kingsbury,Fiction
"A Series of Catastrophes and Miracles: A True Story of Love, Science, and Cancer",Mary Elizabeth Williams,Biography & Autobiography
A People's History of the United States,Howard Zinn,Add a comment
A Brush of Wings (Angels Walking #3),Charlie Shedd,Angels
Rook,Sharon Cameron,Add a comment
The Midnight Watch: A Novel of the Titanic and the Californian,Paul Lee,Search and rescue operations
The Gray Rhino: How to Recognize and Act on the Obvious Dangers We Ignore,Hong Cheng,Language Arts & Disciplines
The Children,Gertrude Chandler Warner,Add a comment
One with You (Crossfire #5),Sylvia Day,Fiction
Without Shame,Alayne Yates,Add a comment
Watchmen,Alan Moore,Add a comment
A Hero's Curse (The Unseen Chronicles #1),Unknown,Add a comment
23 Degrees South: A Tropical Tale of Changing Whether...,Unknown,Add a comment
The Glass Castle,Jeannette Walls,Add a comment
The Drowning Girls,Paula Treick DeBoard,Add a comment
Team of Rivals: The Political Genius of Abraham Lincoln,Doris Kearns Goodwin,Biography & Autobiography
John Adams,David McCullough,Add a comment
Good in Bed (Cannie Shapiro #1),Jennifer Weiner,Humorous stories
The Joy of Cooking,Irma von Starkloff Rombauer,Add a comment
The Golden Compass (His Dark Materials #1),Philip Pullman,Juvenile Fiction
The God Delusion,Richard Dawkins,Add a comment
Pride and Prejudice,Jane Austen,Add a comment
Mere Christianity,C.S. Lewis,Add a comment
Fun Home: A Family Tragicomic,Alison Bechdel,Comics & Graphic Novels
The Raven King (The Raven Cycle #4),Maggie Stiefvater,Add a comment
Find Her (Detective D.D. Warren #8),Unknown,Add a comment
Evicted: Poverty and Profit in the American City,Matthew Desmond,Add a comment
A Game of Thrones (A Song of Ice and Fire #1),George R. R. Martin,Fiction
A Clash of Kings (A Song of Ice and Fire #2),George R. R. Martin,Add a comment
The Tipping Point: How Little Things Can Make a Big Difference,Malcolm Gladwell (1963- author),Contagion (Social psychology)
The Rest Is Noise: Listening to the Twentieth Century,Peter Doggett,History
The Purpose Driven Life: What on Earth Am I Here for?,Rick Warren,Add a comment
The Hitchhiker's Guide to the Galaxy (Hitchhiker's Guide to the Galaxy #1),Douglas Adams,Fiction
The Girl Who Kicked the Hornet's Nest (Millennium Trilogy #3),Stieg Larsson,Fiction
"The End of Faith: Religion, Terror, and the Future of Reason",Sam Harris,Philosophy
The Complete Poems,Anne Sexton,Add a comment
The Catcher in the Rye,J. D. Salinger,Add a comment
The Case for Christ (Cases for Christianity),John Collinges,Add a comment
The Blind Side: Evolution of a Game,Michael Lewis,Biography & Autobiography
Seven Days in the Art World,Sarah Thornton,Add a comment
Sarah's Key,Tatiana de Rosnay,Add a comment
Rogue Lawyer (Rogue Lawyer #1),John Grisham,Fiction
Manuscript Found in Accra,Paulo Coelho,Add a comment
Fire Bound (Sea Haven/Sisters of the Heart #5),Christine Feehan,Fiction
Cosmos,Alexander von Humboldt,Add a comment
#GIRLBOSS,My Next Notebook,Add a comment
The Sense of an Ending,Julian Barnes,Add a comment
The Republic,Christine Barbour,Add a comment
The Odyssey,Όμηρος,Add a comment
The Light of the Fireflies,Jenni L. Walsh,Add a comment
The Iliad,Όμηρος,Add a comment
The Communist Manifesto,Marx-Engels,Add a comment
Lord of the Flies,William Golding,Add a comment
Unicorn Tracks,Julia Ember,Fantasy
"Saga, Volume 6 (Saga (Collected Editions) #6)",Jeff Smith,Bone (Fictitious character)
Princess Between Worlds (Wide-Awake Princess #5),Unknown,Fantasy
Masks and Shadows,Stephanie Burgis,Fantasy
Crown of Midnight (Throne of Glass #2),Sarah J. Maas,Fiction
"Avatar: The Last Airbender: Smoke and Shadow, Part 3 (Smoke and Shadow #3)",Gene Luen Yang,Comics & Graphic Novels
A Court of Thorns and Roses (A Court of Thorns and Roses #1),Sarah J. Maas,Fiction
Throne of Glass (Throne of Glass #1),Sarah J. Maas,Fiction
The Glittering Court (The Glittering Court #1),Richelle Mead,Young Adult Fiction
Hollow City (Miss Peregrineâs Peculiar Children #2),Ransom Riggs,Young Adult Fiction
The Star-Touched Queen,Roshani Chokshi,Fantasy
The Hidden Oracle (The Trials of Apollo #1),Rick Riordan,Fiction
The Bane Chronicles (The Bane Chronicles #1-11),Cassandra Clare,Fiction
Island of Dragons (Unwanteds #7),Lisa McMann,Juvenile Fiction
Demigods & Magicians: Percy and Annabeth Meet the Kanes (Percy Jackson & Kane Chronicles Crossover #1-3),Rick Riordan,Juvenile Fiction
City of Glass (The Mortal Instruments #3),Cassandra Clare,Juvenile Fiction
Searching for Meaning in Gailana,John H. T. Francis,Fantasy
A Shard of Ice (The Black Symphony Saga #1),Alivia Anders,Fantasy
King's Folly (The Kinsman Chronicles #1),Jill Williamson,Fiction
Every Heart a Doorway (Every Heart A Doorway #1),Bianca Sloane,Fiction
A Gathering of Shadows (Shades of Magic #2),Victoria Schwab,Contests
The Raven Boys (The Raven Cycle #1),Maggie Stiefvater,Young Adult Fiction
The False Prince (The Ascendance Trilogy #1),Unknown,Fantasy
Tell the Wind and Fire,Sarah Rees Brennan,Fantasy
A Feast for Crows (A Song of Ice and Fire #4),George R. R. Martin,Fiction
The Demonists (Demonist #1),Thomas E. Sniegoski,Fiction
The Beast (Black Dagger Brotherhood #14),Unknown,Fantasy
Paper and Fire (The Great Library #2),Unknown,Fantasy
Harry Potter and the Order of the Phoenix (Harry Potter #5),J.K. Rowling,Juvenile Fiction
Harry Potter and the Half-Blood Prince (Harry Potter #6),J.K. Rowling,Juvenile Fiction
Harry Potter and the Chamber of Secrets (Harry Potter #2),J. K. Rowling,Juvenile Fiction
The Rose & the Dagger (The Wrath and the Dawn #2),Unknown,Fantasy
Soldier (Talon #3),Unknown,Fantasy
Midnight Riot (Peter Grant/ Rivers of London - books #1),Unknown,Fantasy
Heir to the Sky,Amanda Sun,Fantasy
Eragon (The Inheritance Cycle #1),Christopher Paolini,Dragons
Darkfever (Fever #1),Karen Marie Moning,Fiction
Ash,Frank McCourt,Fantasy
A Storm of Swords (A Song of Ice and Fire #3),George R.R. Martin,Fiction
Vampire Girl (Vampire Girl #1),Chloe Neill,Fantasy
The Silent Twin (Detective Jennifer Knight #3),Unknown,Fantasy
The Mirror & the Maze (The Wrath and the Dawn #1.5),Unknown,Fantasy
Sister Sable (The Mad Queen #1),Unknown,Fantasy
Shadow Rites (Jane Yellowrock #10),Unknown,Fantasy
Origins (Alphas 0.5),J. Michael Shull,Science
One Second (Seven #7),Dannika Dark,Fiction
Myriad (Prentor #1),Unknown,Fantasy
Without Borders (Wanderlove #1),Amanda Heger,Central America
The Mistake (Off-Campus #2),Elle Kennedy,Fiction
The Matchmaker's Playbook (Wingmen Inc. #1),Unknown,New Adult
The Hook Up (Game On #1),Amar Shah,Juvenile Fiction
Shameless,Karen Robards,New Adult
Off Sides (Off #1),David Weber,Fiction
The Requiem Red,Brynn Chapman,Young Adult
Set Me Free,Miranda Beverly-Whittemore,Young Adult
The Natural History of Us (The Fine Art of Pretending #2),Unknown,Young Adult
Obsidian (Lux #1),Jennifer L. Armentrout,Juvenile Fiction
Burning,Jack London,Young Adult
A Fierce and Subtle Poison,Samantha Mabry,Young Adult
Scarlett Epstein Hates It Here,Anna Breslaw,Young Adult
"Nightingale, Sing",Charlotte Bingham,Young Adult
Library of Souls (Miss Peregrineâs Peculiar Children #3),Ransom Riggs,Young Adult Fiction
Frostbite (Vampire Academy #2),Richelle Mead,Juvenile Fiction
Wild Swans,Jung Chang,Young Adult
Until Friday Night (The Field Party #1),Abbi Glines,Young Adult Fiction
This Is Where It Ends,Marieke Nijkamp,Young Adult
The Darkest Lie,Gena Showalter,Young Adult
My Kind of Crazy,Robin Reul,Young Adult
Don't Get Caught,Kurt Dinan,Young Adult
Catching Jordan (Hundred Oaks),Miranda Kenneally,Juvenile Fiction
Aristotle and Dante Discover the Secrets of the Universe (Aristotle and Dante Discover the Secrets of the Universe #1),Benjamin Alire Sáenz,Young Adult Fiction
The Epidemic (The Program 0.6),Nadine Thielemann,Language Arts & Disciplines
Stars Above (The Lunar Chronicles #4.5),Square Fish,Young Adult
No Love Allowed (Dodge Cove #1),Unknown,Young Adult
"Exit, Pursued by a Bear",E. K. Johnston,Young Adult
The Alien Club,Sue Behrent,Young Adult
Don't Forget Steven,P. D. Workman,Young Adult
South of Sunshine,Dana Elmendorf,Young Adult
My Life Next Door (My Life Next Door ),Huntley Fitzpatrick,Young Adult
Future Shock (Future Shock #1),Unknown,Young Adult
Nightstruck: A Novel,Jenna Black,Young Adult Fiction
Tell the Wolves I'm Home,Carol Rifka Brunt,Young Adult
"Will Grayson, Will Grayson (Will Grayson, Will Grayson)",John Green,Young Adult
Where She Went (If I Stay #2),Liz Johnson,Fiction
Two Summers,Aimee Friedman,Young Adult
The Darkest Corners,Barry Hutchison,Young Adult
Tell Me Three Things,Julie Buxbaum,Young Adult
Lola and the Boy Next Door (Anna and the French Kiss #2),Stephanie Perkins,Fiction
Kill the Boy Band,Goldy Moldavsky,Young Adult
Isla and the Happily Ever After (Anna and the French Kiss #3),Stephanie Perkins,Boarding school students
An Abundance of Katherines,John Green,Young Adult
Harry Potter and the Prisoner of Azkaban (Harry Potter #3),Dollhouse,Young Adult
Walk the Edge (Thunder Road #2),Unknown,Young Adult
Two Boys Kissing,David Levithan,Young Adult
The New Guy (and Other Senior Year Distractions),Amy Spalding,Young Adult
"The Land of 10,000 Madonnas",Kate Hattemer,Young Adult
Scarlet (The Lunar Chronicles #2),Marissa Meyer,Young Adult
Legend (Legend #1),Andy Seto,Young Adult
Lady Renegades (Rebel Belle #3),Rachel Hawkins,Young Adult Fiction
Golden (Heart of Dread #3),Mellisa De La Cruz,Young Adult
Cinder (The Lunar Chronicles #1),Marissa Meyer,Young Adult Fiction
Boy Meets Boy,David Levithan,Young Adult
Annie on My Mind,Nancy Garden,Young Adult
New Moon (Twilight #2),Unknown,Young Adult
Girl Online On Tour (Girl Online #2),Zoe Sugg,Juvenile Fiction
The Haters,Jesse Andrews,Young Adult
The Art of Not Breathing,Sarah Alexander,Young Adult
The Most Perfect Thing: Inside (and Outside) a Bird's Egg,Tim Birkhead,Nature
Immunity: How Elie Metchnikoff Changed the Course of Modern Medicine,Alfred I. Tauber,Medical
Sorting the Beef from the Bull: The Science of Food Fraud Forensics,Richard Evershed,Business & Economics
Tipping Point for Planet Earth: How Close Are We to the Edge?,Anthony D. Barnosky,Nature
"The Fabric of the Cosmos: Space, Time, and the Texture of Reality",Marian P. Ehlert,Science
Diary of a Citizen Scientist: Chasing Tiger Beetles and Other New Ways of Engaging the World,Sharman Apt Russell,Nature
The Origin of Species,Charles Darwin,Science
The Grand Design,Stephen Hawking,Science
Peak: Secrets from the New Science of Expertise,The Mindset Warrior,Science
"The Elegant Universe: Superstrings, Hidden Dimensions, and the Quest for the Ultimate Theory",Brian Greene,Science
"The Disappearing Spoon: And Other True Tales of Madness, Love, and the History of the World from the Periodic Table of the Elements",Sam Kean,Science
"Surely You're Joking, Mr. Feynman!: Adventures of a Curious Character",Richard P. Feynman,Biography & Autobiography
Seven Brief Lessons on Physics,Carlo Rovelli,Science
The Selfish Gene,Richard Dawkins,Science
A Light in the Attic,Shel Silverstein,Poetry
The Black Maria,Aracelis Girmay,Poetry
Shakespeare's Sonnets,James Schiffer,Poetry
Olio,William B. Gilley,Poetry
You can't bury them all: Poems,Patrick Woodcock,Poetry
Slow States of Collapse: Poems,Ashley-Elizabeth Best,Poetry
Untitled Collection: Sabbath Poems 2014,James Grahame,Miniature books
Poems That Make Grown Women Cry,Anthony Holden,Poetry
Night Sky with Exit Wounds,Ocean Vuong,Poetry
salt.,Mark Kurlansky,Poetry
"Quarter Life Poetry: Poems for the Young, Broke and Hangry",Samantha Jayne,FICTION
Out of Print: City Lights Spotlight No. 14,Unknown,Poetry
Les Fleurs du Mal,Charles Baudelaire,Poetry
Howl and Other Poems,Allen Ginsberg,Poetry
Leave This Song Behind: Teen Poetry at Its Best,Adam Halwitz,Juvenile Nonfiction
The Collected Poems of W.B. Yeats (The Collected Works of W.B. Yeats #1),William Butler Yeats,Poetry
The Crossover,Kwame Alexander,Poetry
Booked,Markus Zusak,Poetry
Twenty Love Poems and a Song of Despair,J. Simon Harris,Poetry
"Vampire Knight, Vol. 1 (Vampire Knight #1)",Matsuri Hino,Comics & Graphic Novels
Wall and Piece,Banksy,Art
Feathers: Displays of Brilliant Plumage,Robert Clark,Photography
Art and Fear: Observations on the Perils (and Rewards) of Artmaking,David Bayles,Art
The New Drawing on the Right Side of the Brain,Betty Edwards,Art
History of Beauty,Umberto Eco,Art
The Story of Art,E. H. Gombrich,Art
The Art Book,Editors of Phaidon Press,Art
Ways of Seeing,John Berger,Art
The Lucifer Effect: Understanding How Good People Turn Evil,Philip G. Zimbardo,Philosophy
The Golden Condom: And Other Essays on Love Lost and Found,Jeanne Safer,Psychology
It Didn't Start with You: How Inherited Family Trauma Shapes Who We Are and How to End the Cycle,francis thomas,Study Aids
An Unquiet Mind: A Memoir of Moods and Madness,Kay Redfield Jamison,Biography & Autobiography
"Thinking, Fast and Slow",Daniel Kahneman,Psychology
Civilization and Its Discontents,Sigmund Freud,Psychology
8 Keys to Mental Health Through Exercise,Christina G. Hibbert,Psychology
The Argonauts,Maggie Nelson,Autobiography
M Train,Patti Smith,Autobiography
Lab Girl,Hope Jahren,Autobiography
Approval Junkie: Adventures in Caring Too Much,Unknown,Autobiography
Running with Scissors,Augusten Burroughs,Autobiography
Me Talk Pretty One Day,David Sedaris,Autobiography
Lust & Wonder,Augusten Burroughs,Autobiography
Life Without a Recipe,Diana Abu-Jaber,Autobiography
A Heartbreaking Work of Staggering Genius,Dave Eggers,Autobiography
Catastrophic Happiness: Finding Joy in Childhood's Messy Years,Catherine Newman,Family & Relationships
Fifty Shades Freed (Fifty Shades #3),E L James,Fiction
The Long Haul (Diary of a Wimpy Kid #9),Jeff Kinney,Juvenile Fiction
Old School (Diary of a Wimpy Kid #10),Jeff Kinney,Juvenile Fiction
I Know What I'm Doing -- and Other Lies I Tell Myself: Dispatches from a Life Under Construction,Jen Kirkman,Biography & Autobiography
"Hyperbole and a Half: Unfortunate Situations, Flawed Coping Mechanisms, Mayhem, and Other Things That Happened",Allie Brosh,Humor
Dress Your Family in Corduroy and Denim,David Sedaris,Humor
Toddlers Are A**holes: It's Not Your Fault,Bunmi Laditan,Humor
When You Are Engulfed in Flames,David Sedaris,Humor
Naked,"Burroughs, William S.",Humor
"Lamb: The Gospel According to Biff, Christ's Childhood Pal",Jesus Christ,Humor
Holidays on Ice,David Sedaris,Humor
Security,Benjamin Graham,Horror
Follow You Home,"Edwards, Mark (Fiction writer)",Horror
The Loney,Andrew Michael Hurley,Horror
Pet Sematary,Stephen King,Horror
Doctor Sleep (The Shining #2),Stephen King,Fiction
Psycho: Sanitarium (Psycho #1.5),Chet Williamson,Fiction
Can You Keep a Secret? (Fear Street Relaunch #4),R. L. Stine,Young Adult Fiction
Red Dragon (Hannibal Lecter #1),Thomas Harris,"Lecter, Hannibal (Fictitious character)"
Dracula the Un-Dead,Dacre Stoker,Horror
Night Shift (Night Shift #1-20),Unknown,Horror
Needful Things,Stephen King,Horror
Misery,Stephen King,Horror
It,William Shakespeare,Horror
'Salem's Lot,Stephen King,Horror
The Stand,Stephen King,Horror
The Girl with All the Gifts,M. R. Carey,Horror
House of Leaves,Mark Z. Danielewski,Horror
Sapiens: A Brief History of Humankind,BookNation,History
"Unbound: How Eight Technologies Made Us Human, Transformed Society, and Brought Our World to the Brink",Ann M. Pendleton-Jullian,Design
The Age of Genius: The Seventeenth Century and the Birth of the Modern Mind,A. C. Grayling,History
"Political Suicide: Missteps, Peccadilloes, Bad Calls, Backroom Hijinx, Sordid Pasts, Rotten Breaks, and Just Plain Dumb Mistakes in the Annals of American Politics",Erin McHugh,Political Science
Thomas Jefferson and the Tripoli Pirates: The Forgotten War That Changed American History,Worth Books,History
Zealot: The Life and Times of Jesus of Nazareth,Reza Aslan,History
A Distant Mirror: The Calamitous 14th Century,"Tuchman, Barbara Wertheim",France
1491: New Revelations of the Americas Before Columbus,Charles C. Mann,History
Brilliant Beacons: A History of the American Lighthouse,Eric Jay Dolin,History
"""Most Blessed of the Patriarchs"": Thomas Jefferson and the Empire of the Imagination",Annette Gordon-Reed,History
A Short History of Nearly Everything,Bill Bryson,History
The Rise and Fall of the Third Reich: A History of Nazi Germany,William Shirer,History
Catherine the Great: Portrait of a Woman,Robert K. Massie,Biography & Autobiography
The Mathews Men: Seven Brothers and the War Against Hitler's U-boats,William Geroux,History
The Hiding Place,Corrie ten Boom,History
America's War for the Greater Middle East: A Military History,Andrew J. Bacevich,History
The Guns of August,Barbara Tuchman,History
"House of Lost Worlds: Dinosaurs, Dynasties, and the Story of Life on Earth",Richard Conniff,Science
"Foolproof Preserving: A Guide to Small Batch Jams, Jellies, Pickles, Condiments, and More: A Foolproof Guide to Making Small Batch Jams, Jellies, Pickles, Condiments, and More",America's Test Kitchen,Cooking
"The Pioneer Woman Cooks: Dinnertime: Comfort Classics, Freezer Food, 16-Minute Meals, and Other Delicious Ways to Solve Supper!",Ree Drummond,Food and Drink
My Paris Kitchen: Recipes and Stories,David Lebovitz,Cooking
"Mama Tried: Traditional Italian Cooking for the Screwed, Crude, Vegan, and Tattooed",High Cedar Press,Food and Drink
"Layered: Baking, Building, and Styling Spectacular Cakes",Tessa Huff,Cooking
The Nerdy Nummies Cookbook: Sweet Treats for the Geek in All of Us,Rosanna Pansino,Cooking
The Love and Lemons Cookbook: An Apple-to-Zucchini Celebration of Impromptu Cooking,Jeanine Donofrio,Cooking
The Cookies & Cups Cookbook: 125+ sweet & savory recipes reminding you to Always Eat Dessert First,Shelly Jaronsky,Cooking
"Deliciously Ella Every Day: Quick and Easy Recipes for Gluten-Free Snacks, Packed Lunches, and Simple Meals",Ella Mills,Food and Drink
The Help Yourself Cookbook for Kids: 60 Easy Plant-Based Recipes Kids Can Make to Stay Healthy and Save the Earth,Ruby Roth,Cooking
"It's All Easy: Healthy, Delicious Weeknight Meals in under 30 Minutes",StoryBuddiesPlay,Cooking
Barefoot Contessa Back to Basics,Ina Garten,Food and Drink
Barefoot Contessa at Home: Everyday Recipes You'll Make Over and Over Again,Ina Garten,Cooking
My Kitchen Year: 136 Recipes That Saved My Life,Ruth Reichl,Cooking
Everyday Italian: 125 Simple and Delicious Recipes,Giada De Laurentiis,Cooking
"A la Mode: 120 Recipes in 60 Pairings: Pies, Tarts, Cakes, Crisps, and More Topped with Ice Cream, Gelato, Frozen Custard, and More",Martha Stewart Living Magazine,Cooking
Cravings: Recipes for What You Want to Eat,Abbey Beathan,Food and Drink
"The Moosewood Cookbook: Recipes from Moosewood Restaurant, Ithaca, New York",Mollie Katzen,Cooking
32 Yolks,Eric Ripert,Food and Drink
"Naturally Lean: 125 Nourishing Gluten-Free, Plant-Based Recipes--All Under 300 Calories",Meghan Telpner,Cooking
How to Cook Everything Vegetarian: Simple Meatless Recipes for Great Food (How to Cook Everything),Mark Bittman,Cooking
How to Be a Domestic Goddess: Baking and the Art of Comfort Cooking,Nigella Lawson,Food and Drink
The Barefoot Contessa Cookbook,Ina Garten,Food and Drink
Better Homes and Gardens New Cook Book,Better Homes and Gardens Editors,Food and Drink
The Power Greens Cookbook: 140 Delicious Superfood Recipes,Dana Jacobi,Cooking
Mexican Today: New and Rediscovered Recipes for Contemporary Kitchens,Pati Jinich,Cooking
Vegan Vegetarian Omnivore: Dinner for Everyone at the Table,Anna Thomas,Cooking
The Smitten Kitchen Cookbook,Deb Perelman,Food and Drink
"The Art of Simple Food: Notes, Lessons, and Recipes from a Delicious Revolution",Alice Waters,Cooking
Hungry Girl Clean & Hungry: Easy All-Natural Recipes for Healthy Eating in the Real World,Lisa Lillien,Cooking
Redeeming Love,Francine Rivers,Christian Fiction
Close to You,Francine Pascal,Christian Fiction
Shadows of the Past (Logan Point #1),Patricia Bradley,Fiction
Like Never Before (Walker Family #2),Melissa Tagg,Fiction
Counted With the Stars (Out from Egypt #1),Connilyn Cossette,Fiction
If I Run (If I Run #1),Michelle Robinson,Art
The Dirty Little Secrets of Getting Your Dream Job,Don Raskin,Business
The Third Wave: An Entrepreneurâs Vision of the Future,Steve Case,Biography & Autobiography
The 10% Entrepreneur: Live Your Startup Dream Without Quitting Your Day Job,Patrick J. McGinnis,Business & Economics
Shoe Dog: A Memoir by the Creator of NIKE,Phil Knight,Biography & Autobiography
Made to Stick: Why Some Ideas Survive and Others Die,Shortcut Edition,Business
Quench Your Own Thirst: Business Lessons Learned Over a Beer or Two,Jim Koch,Business & Economics
The Art of Startup Fundraising,Alejandro Cremades,Business
Born for This: How to Find the Work You Were Meant to Do,"Michael S. Broder, Ph.D.",Self-Help
The E-Myth Revisited: Why Most Small Businesses Don't Work and What to Do About It,Shortcut Edition,Business & Economics
"Rich Dad, Poor Dad",Robert T. Kiyosaki,Business
The Lean Startup: How Today's Entrepreneurs Use Continuous Innovation to Create Radically Successful Businesses,Worth Books,Business
Rework,Jason Fried,Business
Louisa: The Extraordinary Life of Mrs. Adams,Samantha Seiple,History
"Setting the World on Fire: The Brief, Astonishing Life of St. Catherine of Siena",RAYMOND OF CAPUA.,Biography
The Faith of Christopher Hitchens: The Restless Soul of the World's Most Notorious Atheist,Larry Alex Taunton,Biography & Autobiography
Benjamin Franklin: An American Life,Walter Isaacson,Biography
The Rise of Theodore Roosevelt (Theodore Roosevelt #1),Edmund Morris,Presidents
In Her Wake,Amanda Jennings,Thriller
The Elephant Tree,Penny Dale,Thriller
Behind Closed Doors,B.A. Paris,Thriller
You (You #1),Paul Tobin,Thriller
The Guilty (Will Robie #4),David Baldacci,Adult children
The 14th Colony (Cotton Malone #11),Unknown,Thriller
Give It Back,Kimberly Daniels,Thriller
Killing Floor (Jack Reacher #1),Lee Child,Fiction
The Bone Hunters (Lexy Vaughan & Steven Macaulay #2),Unknown,Thriller
Far From True (Promise Falls Trilogy #2),Linwood Barclay,Thriller
The Travelers,Charles Dickens,Thriller
When We Collided,Emery Lord,Contemporary
Someone Like You (The Harrisons #2),Unknown,Contemporary
We Are All Completely Beside Ourselves,Karen Joy Fowler,Contemporary
The Four Agreements: A Practical Guide to Personal Freedom,"Ruiz, Miguel, 1952-",Spirituality
The Activist's Tao Te Ching: Ancient Advice for a Modern Revolution,William Martin,Philosophy
Chasing Heaven: What Dying Taught Me About Living,Crystal McVea,Religion
If I Gave You God's Phone Number....: Searching for Spirituality in America,Mare Cromwell,Biography & Autobiography
Unreasonable Hope: Finding Faith in the God Who Brings Purpose to Your Pain,Chad Veach,Religion
A New Earth: Awakening to Your Life's Purpose,Shortcut Edition,Business & Economics
Logan Kade (Fallen Crest High #5.5),Tijan,Fiction
Online Marketing for Busy Authors: A Step-By-Step Guide,Fauzia Burke,Business & Economics
How to Be Miserable: 40 Strategies You Already Use,Randy J. Paterson,Self-Help
"Overload: How to Unplug, Unwind, and Unleash Yourself from the Pressure of Stress",Joyce Meyer,Religion
You Are a Badass: How to Stop Doubting Your Greatness and Start Living an Awesome Life,alex,Self Help
How to Stop Worrying and Start Living,Dale Carnegie,Self Help
All the Light We Cannot See,Anthony Doerr,Historical
The Girl You Left Behind (The Girl You Left Behind #1),Trivion Books,Study Aids
(Un)Qualified: How God Uses Broken People to Do Big Things,Rhonda Westphal,Christian
Crazy Love: Overwhelmed by a Relentless God,Francis Chan,Religion
Blue Like Jazz: Nonreligious Thoughts on Christian Spirituality,Donald Miller,Christian biography
Silence in the Dark (Logan Point #4),Patricia Bradley,Fiction
The Grownup,Gillian Flynn,Short Stories
Suzie Snowflake: One beautiful flake (a self-esteem story),Crystal Rose,Juvenile Fiction
"The Bulletproof Diet: Lose up to a Pound a Day, Reclaim Energy and Focus, Upgrade Your Life",Dave Asprey,Health & Fitness
"Eat Fat, Get Thin",Barry Groves,Health
10-Day Green Smoothie Cleanse: Lose Up to 15 Pounds in 10 Days!,JJ Smith,Cooking
The Art and Science of Low Carbohydrate Living,Jeff Volek,Health
Libertarianism for Beginners,Todd Seavey,Politics
Why the Right Went Wrong: Conservatism--From Goldwater to the Tea Party and Beyond,Ant Hive Media,Politics
Equal Is Unfair: America's Misguided Fight Against Income Inequality,Don Watkins,Business & Economics
Amid the Chaos,Nia Quin,Cultural
Dark Notes,Pam Godwin`,Erotica
The Long Shadow of Small Ghosts: Murder and Memory in an American City,Laura Tillman,Biography & Autobiography
