title,author,genre
It's Only the Himalayas,S. Bedford,
Full Moon over Noahâs Ark: An Odyssey to Mount Ararat and Beyond,,
See America: A Celebration of Our National Parks & Treasured Sites,,
Vagabonding: An Uncommon Guide to the Art of Long-Term World Travel,,
Under the Tuscan Sun,Frances Mayes,
A Summer In Europe,Marilyn Brant,
The Great Railway Bazaar,Paul Theroux,
A Year in Provence (Provence #1),,
The Road to Little Dribbling: Adventures of an American in Britain (Notes From a Small Island #2),,
Neither Here nor There: Travels in Europe,,
"1,000 Places to See Before You Die",Patricia Schultz,
Sharp Objects,Gillian Flynn,
"In a Dark, Dark Wood",Ruth Ware,
The Past Never Ends,Jackson Burnett,
A Murder in Time,Julie McElwain,
The Murder of Roger Ackroyd (Hercule Poirot #4),,
The Last Mile (Amos Decker #2),,
That Darkness (Gardiner and Renner #1),,
Tastes Like Fear (DI Marnie Rome #3),,
A Time of Torment (Charlie Parker #14),,
A Study in Scarlet (Sherlock Holmes #1),,
Poisonous (Max Revere Novels #3),,
Murder at the 42nd Street Library (Raymond Ambler #1),,
Most Wanted,Robert Lawrence Stine,
Hide Away (Eve Duncan #20),,
Boar Island (Anna Pigeon #19),,
The Widow,Georgette Heyer,
Playing with Fire,Derek Landy,
What Happened on Beale Street (Secrets of the South Mysteries #2),,
The Bachelor Girl's Guide to Murder (Herringford and Watts Mysteries #1),,
Delivering the Truth (Quaker Midwife Mystery #1),,
The Mysterious Affair at Styles (Hercule Poirot #1),,
In the Woods (Dublin Murder Squad #1),,
The Silkworm (Cormoran Strike #2),,
The Exiled,Pearl S. Buck,
The Cuckoo's Calling (Cormoran Strike #1),,
Extreme Prey (Lucas Davenport #26),,
Career of Evil (Cormoran Strike #3),,
The No. 1 Ladies' Detective Agency (No. 1 Ladies' Detective Agency #1),,
The Girl You Lost,"Croft, Kathryn (Novelist)",
The Girl In The Ice (DCI Erika Foster #1),,
Blood Defense (Samantha Brinkman #1),,
1st to Die (Women's Murder Club #1),,
Tipping the Velvet,Sarah Waters,
Forever and Forever: The Courtship of Henry Longfellow and Fanny Appleton,,
A Flight of Arrows (The Pathfinders #2),,
The House by the Lake,Ella Carey,
Mrs. Houdini,Victoria Kelly,
The Marriage of Opposites,Alice Hoffman,
Glory over Everything: Beyond The Kitchen House,,
"Love, Lies and Spies",Cindy Anstey,
A Paris Apartment,Michelle Gable,
Lilac Girls,Martha Hall Kelly,
The Constant Princess (The Tudor Court #1),,
The Invention of Wings,Sue Monk Kidd,
World Without End (The Pillars of the Earth #2),,
The Passion of Dolssa,Julie Berry,
Girl With a Pearl Earring,Tracy Chevalier,
Voyager (Outlander #3),,
The Red Tent,Anita Diamant,
The Last Painting of Sara de Vos,Dominic Smith,
The Guernsey Literary and Potato Peel Pie Society,Mary Ann Shaffer,
Girl in the Blue Coat,Monica Hesse,
Between Shades of Gray,Ruta Sepetys,
While You Were Mine,Ann Howard Creel,
The Secret Healer,Ellin Carsta,
Starlark,Cael Percy,
Lost Among the Living,Simone St. James,
A Spy's Devotion (The Regency Spies of London #1),,
Scott Pilgrim's Precious Little Life (Scott Pilgrim #1),,
Tsubasa: WoRLD CHRoNiCLE 2 (Tsubasa WoRLD CHRoNiCLE #2),,
This One Summer,Mariko Tamaki,
The Nameless City (The Nameless City #1),,
"Saga, Volume 5 (Saga (Collected Editions) #5)",,
"Rat Queens, Vol. 3: Demons (Rat Queens (Collected Editions) #11-15)",,
"Princess Jellyfish 2-in-1 Omnibus, Vol. 01 (Princess Jellyfish 2-in-1 Omnibus #1)",,
"Pop Gun War, Volume 1: Gift",,
Patience,Georges Simenon,
"Outcast, Vol. 1: A Darkness Surrounds Him (Outcast #1)",,
orange: The Complete Collection 1 (orange: The Complete Collection #1),,
"Lumberjanes, Vol. 2: Friendship to the Max (Lumberjanes #5-8)",,
"Lumberjanes, Vol. 1: Beware the Kitten Holy (Lumberjanes #1-4)",,
Lumberjanes Vol. 3: A Terrible Plan (Lumberjanes #9-12),,
"I Hate Fairyland, Vol. 1: Madly Ever After (I Hate Fairyland (Compilations) #1-5)",,
I am a Hero Omnibus Volume 1,,
"Giant Days, Vol. 2 (Giant Days #5-8)",,
Danganronpa Volume 1,,
"Codename Baboushka, Volume 1: The Conclave of Death",,
Camp Midnight,Laura Sieveking,
"Bitch Planet, Vol. 1: Extraordinary Machine (Bitch Planet (Collected Editions))",,
The Shadow Hero (The Shadow Hero),David A. Gemmell,
"Fables, Vol. 1: Legends in Exile (Fables #1)",,
Batman: The Long Halloween (Batman),Jeph Loeb,
Batman: The Dark Knight Returns (Batman),,
"Wonder Woman: Earth One, Volume One (Wonder Woman: Earth One #1)",,
"We Are Robin, Vol. 1: The Vigilante Business (We Are Robin #1)",,
Through the Woods,Colin Dexter,
Superman Vol. 1: Before Truth (Superman by Gene Luen Yang #1),,
"So Cute It Hurts!!, Vol. 6 (So Cute It Hurts!! #6)",,
Robin War,Anne Vincent Meiburger,
"Red Hood/Arsenal, Vol. 1: Open for Business (Red Hood/Arsenal #1)",,
"Naruto (3-in-1 Edition), Vol. 14: Includes Vols. 40, 41 & 42 (Naruto: Omnibus #14)",,
Lowriders to the Center of the Earth (Lowriders in Space #2),,
El Deafo,Cece Bell,
Batman: Europa,,
Art Ops Vol. 1,Shaun Simon,
"Adulthood Is a Myth: A ""Sarah's Scribbles"" Collection",,
"Fruits Basket, Vol. 9 (Fruits Basket #9)",,
Roller Girl,Victoria Jamieson,
"Fruits Basket, Vol. 7 (Fruits Basket #7)",,
"Fruits Basket, Vol. 6 (Fruits Basket #6)",,
"Death Note, Vol. 6: Give-and-Take (Death Note #6)",,
"Fruits Basket, Vol. 5 (Fruits Basket #5)",,
"Death Note, Vol. 5: Whiteout (Death Note #5)",,
"The Demon Prince of Momochi House, Vol. 4 (The Demon Prince of Momochi House #4)",,
"Fruits Basket, Vol. 4 (Fruits Basket #4)",,
"The Wicked + The Divine, Vol. 3: Commercial Suicide (The Wicked + The Divine)",,
"The Sandman, Vol. 3: Dream Country (The Sandman (volumes) #3)",,
"Saga, Volume 3 (Saga (Collected Editions) #3)",,
Prodigy: The Graphic Novel (Legend: The Graphic Novel #2),,
Persepolis: The Story of a Childhood (Persepolis #1-2),,
Original Fake,Kirstin Cronn-Mills,
"Grayson, Vol 3: Nemesis (Grayson #3)",,
"Fruits Basket, Vol. 3 (Fruits Basket #3)",,
"Black Butler, Vol. 1 (Black Butler #1)",,
Awkward,Henry James,
"The Sandman, Vol. 2: The Doll's House (The Sandman (volumes) #2)",,
"Saga, Volume 2 (Saga (Collected Editions) #2)",,
"Fruits Basket, Vol. 2 (Fruits Basket #2)",,
"Y: The Last Man, Vol. 1: Unmanned (Y: The Last Man #1)",,
"The Wicked + The Divine, Vol. 1: The Faust Act (The Wicked + The Divine)",,
"The Sandman, Vol. 1: Preludes and Nocturnes (The Sandman (volumes) #1)",,
The Complete Maus (Maus #1-2),,
"Skip Beat!, Vol. 01 (Skip Beat! #1)",,
"Saga, Volume 1 (Saga (Collected Editions) #1)",,
"Rat Queens, Vol. 1: Sass & Sorcery (Rat Queens (Collected Editions) #1-5)",,
"Paper Girls, Vol. 1 (Paper Girls #1-5)",,
"Ouran High School Host Club, Vol. 1 (Ouran High School Host Club #1)",,
"Ms. Marvel, Vol. 1: No Normal (Ms. Marvel (2014-2015) #1)",,
"Hawkeye, Vol. 1: My Life as a Weapon (Hawkeye #1)",,
"Giant Days, Vol. 1 (Giant Days #1-4)",John Allison,
"Fruits Basket, Vol. 1 (Fruits Basket #1)",,
"Bleach, Vol. 1: Strawberry and the Soul Reapers (Bleach #1)",,
"Ajin: Demi-Human, Volume 1 (Ajin: Demi-Human #1)",,
The Secret Garden,Frances Hodgson Burnett,
The Metamorphosis,"Kuper, Peter",
The Pilgrim's Progress,John Bunyan,
The Hound of the Baskervilles (Sherlock Holmes #5),,
Little Women (Little Women #1),,
Gone with the Wind,Margaret Mitchell,
Candide,Voltaire,
Animal Farm,George Orwell,
Wuthering Heights,Emily Brontë,
The Picture of Dorian Gray,Oscar Wilde,
The Complete Stories and Poems (The Works of Edgar Allan Poe [Cameo Edition]),,
Beowulf,Anonymous,
And Then There Were None,Agatha Christie,
The Story of Hong Gildong,Kyun Hŏ,
The Little Prince,John Scoullar,
Sense and Sensibility,Jane Austen,
Of Mice and Men,John Steinbeck,
Emma,Jane Austen,
Alice in Wonderland (Alice's Adventures in Wonderland #1),Lewis Carroll,
Sophie's World,Jostein Gaarder,
The Death of Humanity: and the Case for Life,,
The Stranger,Mark Twain,
Proofs of God: Classical Arguments from Tertullian to Barth,,
Kierkegaard: A Christian Missionary to Christians,,
"At The Existentialist CafÃ©: Freedom, Being, and apricot cocktails with: Jean-Paul Sartre, Simone de Beauvoir, Albert Camus, Martin Heidegger, Edmund Husserl, Karl Jaspers, Maurice Merleau-Ponty and others",,
Critique of Pure Reason,Immanuel Kant,
"Run, Spot, Run: The Ethics of Keeping Pets",,
The Nicomachean Ethics,Thomas Aquinas,
Meditations,Marcus Aurelius,
Beyond Good and Evil,Friedrich Nietzsche,
Chase Me (Paris Nights #2),,
Black Dust,Bruce Berglund,
Her Backup Boyfriend (The Sorensen Family #1),,
First and First (Five Boroughs #3),,
Fifty Shades Darker (Fifty Shades #2),,
The Wedding Dress,Danielle Steel,
Suddenly in Love (Lake Haven #1),,
Something More Than This,Barbie Bohrman,
Doing It Over (Most Likely To #1),,
The Wedding Pact (The O'Malleys #2),,
Hold Your Breath (Search and Rescue #1),,
Dirty (Dive Bar #1),,
Take Me Home Tonight (Rock Star Romance #3),,
Off the Hook (Fishing for Trouble #1),,
A Gentleman's Position (Society of Gentlemen #3),,
"Sit, Stay, Love",J. J. Howard,
A Girl's Guide to Moving On (New Beginnings #2),,
The Perfect Play (Play by Play #1),,
Dark Lover (Black Dagger Brotherhood #1),,
Changing the Game (Play by Play #2),,
A Walk to Remember,Nicholas Sparks,
The Purest Hook (Second Circle Tattoos #3),,
The Obsession,Nora Roberts,
Reservations for Two,Jennifer Lohmann,
Best of My Love (Fool's Gold #20),,
Where Lightning Strikes (Bleeding Stars #3),,
This One Moment (Pushing Limits #1),,
"Rhythm, Chord & Malykhin",Mariana Zapata,
My Perfect Mistake (Over the Top #1),,
Listen to Me (Fusion #1),,
Imperfect Harmony,Joshua Coleman,
Fighting Fate (Fighting #6),,
Deep Under (Walker Security #1),,
Charity's Cross (Charles Towne Belles #4),,
Bounty (Colorado Mountain #7),,
I Had a Nice Time And Other Lies...: How to find love & sh*t like that,,
Will You Won't You Want Me?,Nora Zelevansky,
Keep Me Posted,Lisa Beazley,
Grey (Fifty Shades #4),,
Meternity,Meghann Foye,
Some Women,Erle Stanley Gardner,
Shopaholic Ties the Knot (Shopaholic #3),,
Can You Keep a Secret?,Sophie Kinsella,
Twenties Girl,Sophie Kinsella,
The Undomestic Goddess,Sophie Kinsella,
The Nanny Diaries (Nanny #1),Emma McLaughlin,
The Devil Wears Prada (The Devil Wears Prada #1),,
Something Borrowed (Darcy & Rachel #1),,
Something Blue (Darcy & Rachel #2),,
I've Got Your Number,Sophie Kinsella,
The Edge of Reason (Bridget Jones #2),,
Bridget Jones's Diary (Bridget Jones #1),,
Soumission,Michel Houellebecq,
Private Paris (Private #10),,
"We Love You, Charlie Freeman",Kaitlyn Greenidge,
Thirst,Christopher Pike,
The Murder That Never Was (Forensic Instincts #5),,
Tuesday Nights in 1980,Molly Prentiss,
The Vacationers,Emma Straub,
The Regional Office Is Under Attack!,Manuel Gonzales,
Finders Keepers (Bill Hodges Trilogy #2),,
The Time Keeper,Mitch Albom,
The Testament of Mary,Colm Tóibín,
The First Hostage (J.B. Collins #2),,
Take Me with You,Catherine Ryan Hyde,
Still Life with Bread Crumbs,Anna Quindlen,
Shtum,Jem Lester,
My Name Is Lucy Barton,Elizabeth Strout,
My Mrs. Brown,William Norwich,
Mr. Mercedes (Bill Hodges Trilogy #1),,
I Am Pilgrim (Pilgrim #1),,
Eligible (The Austen Project #4),,
Eight Hundred Grapes,Laura Dave,
Dear Mr. Knightley,Katherine Reay,
Cometh the Hour (The Clifton Chronicles #6),,
Balloon Animals,Barb Whiter,
A Man Called Ove,,
The Silent Sister (Riley MacPherson #1),,
The Dinner Party,Howard Fast,
The Improbability of Love,Hannah Rothschild,
Mothering Sunday,Graham Swift,
Lies and Other Acts of Love,Kristy Woodson Harvey,
Daredevils,Franklin W. Dixon,
11/22/63,Stephen King,
The Shack,William P. Young,
The High Mountains of Portugal,Yann Martel,
Miller's Valley,Anna Quindlen,
Hystopia: A Novel,David Means,
The Bourne Identity (Jason Bourne #1),,
Sister Dear,Kate William,
Memoirs of a Geisha,Arthur Golden,
Me Before You (Me Before You #1),,
Deception Point,Dan Brown,
The Little Paris Bookshop,Nina George,
The Firm,John Grisham,
The Expatriates,Janice Y. K. Lee,
Siddhartha,Hermann Hesse,
Last One Home (New Beginnings #1),,
Digital Fortress,Dan Brown,
Atlas Shrugged,Ayn Rand,
Three-Martini Lunch,Suzanne Rindell,
The Nightingale,Kristin Hannah,
The Infinities,Robert Kanigel,
The Husband's Secret,Liane Moriarty,
The Da Vinci Code (Robert Langdon #2),,
The Art of Fielding,Chad Harbach,
Lila (Gilead #3),,
Jurassic Park (Jurassic Park #1),,
Inferno (Robert Langdon #4),,
Crazy Rich Asians (Crazy Rich Asians #1),,
Big Little Lies,Liane Moriarty,
The Course of Love,Betty Neels,
When I'm Gone,anouar el attari,
The Silent Wife,A. S. A. Harrison,
The Bette Davis Club,Jane Lotter,
Kitchens of the Great Midwest,J. Ryan Stradal,
Bright Lines,Mountain,
Birdsong: A Story in Pictures,,
The Bear and the Piano,David Litchfield,
The Secret of Dreadwillow Carse,Brian Farrey,
The White Cat and the Monk: A Retelling of the Poem âPangur BÃ¡nâ,,
Little Red,Audrey Wood,
Walt Disney's Alice in Wonderland,Teddy Slater,
Twenty Yawns,Jane Smiley,
Rain Fish,Jerry Dennis,
Once Was a Time,Leila Sales,
Luis Paints the World,Terry Farish,
Nap-a-Roo,Kristy Kurjan,
The Whale,Julia Donaldson,
"Shrunken Treasures: Literary Classics, Short, Sweet, and Silly",,
Raymie Nightingale,Kate DiCamillo,
Playing from the Heart,Peter H. Reynolds,
Maybe Something Beautiful: How Art Transformed a Neighborhood,,
The Wild Robot,Peter Brown,
The Thing About Jellyfish,Ali Benjamin,
The Lonely Ones,Louis L'Amour,
The Day the Crayons Came Home (Crayons),Drew Daywalt,
The Cat in the Hat (Beginner Books B-1),,
Red: The True Story of Red Riding Hood,Liesl Shurtliff,
Horrible Bear!,"Dyckman, Ame",
Green Eggs and Ham (Beginner Books B-16),,
Counting Thyme,Melanie Conklin,
Are We There Yet?,David Levithan,
Diary of a Minecraft Zombie Book 1: A Scare of a Dare (An Unofficial Minecraft Book),,
Matilda,Roald Dahl,
Charlie and the Chocolate Factory (Charlie Bucket #1),,
"Don't Be a Jerk: And Other Practical Advice from Dogen, Japan's Greatest Zen Master",Brad Warner,
You Are What You Love: The Spiritual Power of Habit,,
God: The Most Unpleasant Character in All Fiction,,
The Book of Mormon,"Joseph Smith, Jr.",
"A History of God: The 4,000-Year Quest of Judaism, Christianity, and Islam",Worth Books,
The Bhagavad Gita,Edwin Arnold,
Choosing Our Religion: The Spiritual Lives of America's Nones,,
Worlds Elsewhere: Journeys Around Shakespeareâs Globe,,
The Five Love Languages: How to Express Heartfelt Commitment to Your Mate,,
Reasons to Stay Alive,Matt Haig,
#HigherSelfie: Wake Up Your Life. Free Your Soul. Find Your Tribe.,,
"Unseen City: The Majesty of Pigeons, the Discreet Charm of Snails & Other Wonders of the Urban Wilderness",,
Throwing Rocks at the Google Bus: How Growth Became the Enemy of Prosperity,,
The Life-Changing Magic of Tidying Up: The Japanese Art of Decluttering and Organizing,Worth Books Staff,
The Gutsy Girl: Escapades for Your Life of Epic Adventure,,
The Electric Pencil: Drawings from Inside State Hospital No. 3,,
Spark Joy: An Illustrated Master Class on the Art of Organizing and Tidying Up,,
Reskilling America: Learning to Labor in the Twenty-First Century,,
In the Country We Love: My Family Divided,,
Everydata: The Misinformation Hidden in the Little Data You Consume Every Day,,
Call the Nurse: True Stories of a Country Nurse on a Scottish Isle,,
Algorithms to Live By: The Computer Science of Human Decisions,,
The Power of Now: A Guide to Spiritual Enlightenment,Eckhart Tolle,
The Omnivore's Dilemma: A Natural History of Four Meals,Worth Books,
The Genius of Birds,Jennifer Ackerman,
The Artist's Way: A Spiritual Path to Higher Creativity,,
So You've Been Publicly Shamed,Jon Ronson,
"Daring Greatly: How the Courage to Be Vulnerable Transforms the Way We Live, Love, Parent, and Lead",Brené Brown,
Big Magic: Creative Living Beyond Fear,,
Becoming Wise: An Inquiry into the Mystery and Art of Living,,
Agnostic: A Spirited Manifesto,,
Whole Lotta Creativity Going On: 60 Fun and Unusual Exercises to Awaken and Strengthen Your Creativity,,
What's It Like in Space?: Stories from Astronauts Who've Been There,,
The Year of Magical Thinking,Joan Didion,
The Literature Book (Big Ideas Simply Explained),,
The Bad-Ass Librarians of Timbuktu: And Their Race to Save the Worldâs Most Precious Manuscripts,,
Swell: A Year of Waves,,
No Dream Is Too High: Life Lessons From a Man Who Walked on the Moon,,
Looking for Lovely: Collecting the Moments that Matter,Annie F. Downs,
Let It Out: A Journey Through Journaling,,
Hamilton: The Revolution,John D. Barnhart,
"Far & Away: Places on the Brink of Change: Seven Continents, Twenty-Five Years",,
"Eaternity: More than 150 Deliciously Easy Vegan Recipes for a Long, Healthy, Satisfied, Joyful Life",,
Buying In: The Secret Dialogue Between What We Buy and Who We Are,,
Brain on Fire: My Month of Madness,Paul Adams / Bookhabits,
Abstract City,Christoph Niemann,
13 Hours: The Inside Account of What Really Happened In Benghazi,,
The Lonely City: Adventures in the Art of Being Alone,,
The Diary of a Young Girl,Anne Frank,
Snatched: How A Drug Queen Went Undercover for the DEA and Was Kidnapped By Colombian Guerillas,,
Furiously Happy: A Funny Book About Horrible Things,,
"The Sleep Revolution: Transforming Your Life, One Night at a Time",,
"Mother, Can You Not?",Kate Siegel,
A Mother's Reckoning: Living in the Aftermath of Tragedy,,
"10% Happier: How I Tamed the Voice in My Head, Reduced Stress Without Losing My Edge, and Found Self-Help That Actually Works",,
Chernobyl 01:23:40: The Incredible True Story of the World's Worst Nuclear Disaster,,
"Zero to One: Notes on Startups, or How to Build the Future",Whizbooks,
Why Not Me?,Mindy Kaling,
When Breath Becomes Air,Paul Kalanithi,
"The Midnight Assassin: Panic, Scandal, and the Hunt for America's First Serial Killer",,
Smarter Faster Better: The Secrets of Being Productive in Life and Business,Worth Books,
Rising Strong,Brené Brown,
Man's Search for Meaning,Viktor E. Frankl,
"Love That Boy: What Two Presidents, Eight Road Trips, and My Son Taught Me About a Parent's Expectations",Ron Fournier,
Living Forward: A Proven Plan to Stop Drifting and Get the Life You Want,,
I Will Find You,Harlan Coben,
Brazen: The Courage to Find the You That's Been Hiding,,
Between the World and Me,Ta-Nehisi Coates,
Being Mortal: Medicine and What Matters in the End,EssentialReads,
"A Murder Over a Girl: Justice, Gender, Junior High",,
For the Love: Fighting for Grace in a World of Impossible Standards,,
Finding God in the Ruins: How God Redeems Pain,,
The Man Who Mistook His Wife for a Hat and Other Clinical Tales,Oliver Sacks,
In Cold Blood,Truman Capote,
"Girl, Interrupted",Susanna Kaysen,
Why Save the Bankers?: And Other Essays on Our Economic and Political Crisis,,
Talking to Girls About Duran Duran: One Young Man's Quest for True Love and a Cooler Haircut,,
My Mother Was Nuts,Penny Marshall,
"Data, A Love Story: How I Gamed Online Dating to Meet My Match",,
The Jazz of Physics: The Secret Link Between Music and the Structure of the Universe,,
The Gunning of America: Business and the Making of American Gun Culture,Pamela Haag,
The Geography of Bliss: One Grump's Search for the Happiest Places in the World,,
God Is Not Great: How Religion Poisons Everything,,
We the People: The Modern-Day Figures Who Have Reshaped and Affirmed the Founding Fathers' Vision of America,,
Very Good Lives: The Fringe Benefits of Failure and the Importance of Imagination,,
"Unstuffed: Decluttering Your Home, Mind, and Soul",,
Under the Banner of Heaven: A Story of Violent Faith,Jon Jon,
"Trespassing Across America: One Man's Epic, Never-Done-Before (and Sort of Illegal) Hike Across the Heartland",,
The Name of God is Mercy,Francis Pope,
Stiff: The Curious Lives of Human Cadavers,Worth Books,
Spilled Milk: Based on a True Story,,
"Rise of the Rocket Girls: The Women Who Propelled Us, from Missiles to the Moon to Mars",Worth Books,
Outliers: The Story of Success,Worth Books,
Notes from a Small Island (Notes From a Small Island #1),,
Night (The Night Trilogy #1),,
"Miracles from Heaven: A Little Girl, Her Journey to Heaven, and Her Amazing Story of Healing",,
Letter to a Christian Nation,Sam Harris,
Let's Pretend This Never Happened: A Mostly True Memoir,,
It's Never Too Late to Begin Again: Discovering Creativity and Meaning at Midlife and Beyond,,
Into the Wild,Erin Hunter,
"In the Garden of Beasts: Love, Terror, and an American Family in Hitler's Berlin",,
I Am Malala: The Girl Who Stood Up for Education and Was Shot by the Taliban,Whizbooks,
Gratitude,Motwani Dev Motwani Dev Publishing,
Disrupted: My Misadventure in the Start-Up Bubble,,
Brave Enough,Nicole Unice,
"Born to Run: A Hidden Tribe, Superathletes, and the Greatest Race the World Has Never Seen",,
Blink: The Power of Thinking Without Thinking,,
Black Flags: The Rise of ISIS,Worth Books,
Are We Smart Enough to Know How Smart Animals Are?,Frans De Waal,
A Walk in the Woods: Rediscovering America on the Appalachian Trail,,
"The Suffragettes (Little Black Classics, #96)",,
Kindle Paperwhite User's Guide,Sharon Hurley,
H is for Hawk,Helen Macdonald,
Travels with Charley: In Search of America,john steinbeck,
The Tumor,Robert Carachi,
The End of the Jesus Era (An Investigation #1),,
"Eat, Pray, Love",Elizabeth Gilbert,
Rip it Up and Start Again,Simon Reynolds,
"Our Band Could Be Your Life: Scenes from the American Indie Underground, 1981-1991",,
How Music Works,David Byrne,
Love Is a Mix Tape (Music #1),,
Please Kill Me: The Uncensored Oral History of Punk,,
Kill 'Em and Leave: Searching for James Brown and the American Soul,,
"Chronicles, Vol. 1",Fabien Nury,
This Is Your Brain on Music: The Science of a Human Obsession,,
"Orchestra of Exiles: The Story of Bronislaw Huberman, the Israel Philharmonic, and the One Thousand Jews He Saved from Nazi Horrors",,
No One Here Gets Out Alive,Jerry Hopkins,
Life,Frederick Douglass,
Old Records Never Die: One Man's Quest for His Vinyl and His Past,,
Forever Rockers (The Rocker #12),,
"The Coming Woman: A Novel Based on the Life of the Infamous Feminist, Victoria Woodhull",,
The Boys in the Boat: Nine Americans and Their Epic Quest for Gold at the 1936 Berlin Olympics,Whizbooks,
"Starving Hearts (Triangular Trade Trilogy, #1)",,
America's Cradle of Quarterbacks: Western Pennsylvania's Football Factory from Johnny Unitas to Joe Montana,,
Aladdin and His Wonderful Lamp,Arthur Michell Ransome,
Penny Maybe,Kathleen Martin,
Maude (1883-1993):She Grew Up with the country,,
"The Inefficiency Assassin: Time Management Tactics for Working Smarter, Not Longer",,
Soul Reader,David Brackett,
Bossypants,Tina Fey,
A World of Flavor: Your Gluten Free Passport,,
"A Piece of Sky, a Grain of Rice: A Memoir in Four Meditations",,
Tracing Numbers on a Train,James McDonald,
Thirteen Reasons Why,Jay Asher,
The Secret (The Secret #1),Pseudonymous Bosch,
The Psychopath Test: A Journey Through the Madness Industry,,
The Kite Runner,Khaled Hosseini,
The Girl on the Train,Paula Hawkins,
The Emerald Mystery,Kathryn Kenny,
The Bridge to Consciousness: I'm Writing the Bridge Between Science and Our Old and New Beliefs.,,
The Art of War,孙武,
Secrets and Lace (Fatal Hearts #1),,
Romero and Juliet: A Tragic Tale of Love and Zombies,,
Poses for Artists Volume 1 - Dynamic and Sitting Poses: An Essential Reference for Figure Drawing and the Human Form,,
Miss Peregrineâs Home for Peculiar Children (Miss Peregrineâs Peculiar Children #1),,
Large Print Heart of the Pride,,
Grumbles,Roger Hargreaves,
First Steps for New Christians (Print Edition),,
Eureka Trivia 6.0,,
Drive: The Surprising Truth About What Motivates Us,,
Done Rubbed Out (Reightman & Bailey #1),,
Beauty Restored (Riley Family Legacy Novellas #3),,
Ayumi's Violin,Mariko Tatsumoto,
Anonymous,Greer Hendricks,
Amy Meets the Saints and Sages,Ernie Rosenberg,
Amatus,Maite López Las Heras,
V for Vendetta (V for Vendetta Complete),,
"Unbroken: A World War II Story of Survival, Resilience, and Redemption",K. D. Phillips,
The Wright Brothers,David McCullough,
The Songs of the Gods,Dimitrios Spyridon Chytiris,
The Rosie Project (Don Tillman #1),,
The Power of Habit: Why We Do What We Do in Life and Business,,
Steve Jobs,Walter Isaacson,
Luckiest Girl Alive,Jessica Knoll,
"Living Leadership by Insight: A Good Leader Achieves, a Great Leader Builds Monuments",,
Lady Midnight (The Dark Artifices #1),,
"Hush, Hush (Hush, Hush #1)",,
Greek Mythic History,,
Every Last Word,Tamara Ireland Stone,
Daily Fantasy Sports,Jay Correia,
Clockwork Angel (The Infernal Devices #1),,
City of Fallen Angels (The Mortal Instruments #4),,
City of Bones (The Mortal Instruments #1),,
City of Ashes (The Mortal Instruments #2),,
"Carry On, Warrior: Thoughts on Life Unarmed",Glennon Melton,
Carrie,Theodore Dreiser,
Angels & Demons (Robert Langdon #1),,
"The Three Searches, Meaning, and the Story",John H.T. Francis,
Raspberry Pi Electronics Projects for the Evil Genius,"Norris, Donald (Electrical engineer)",
How to Speak Golf: An Illustrated Guide to Links Lingo,,
Eleanor & Park,Rainbow Rowell,
Troublemaker: Surviving Hollywood and Scientology,,
Adultery,Tess Stimson,
Unlimited Intuition Now,Catherine Carrigan,
Underlying Notes,Eva Pasco,
The New Brand You: Your New Image Makes the Sale for You,,
The Flowers Lied,Michael Goldberg,
"NaNo What Now? Finding your editing process, revising your NaNoWriMo book and building a writing career through publishing and beyond",,
Modern Day Fables,Jason Petersen,
The Unlikely Pilgrimage of Harold Fry (Harold Fry #1),,
The Martian (The Martian #1),,
Left Behind (Left Behind #1),Jerry B. Jenkins,
John Vassos: Industrial Design for Modern Life,,
I'll Give You the Sun,Jandy Nelson,
Heaven is for Real: A Little Boy's Astounding Story of His Trip to Heaven and Back,Todd Burpo,
Ender's Game (The Ender Quintet #1),,
Death by Leisure: A Cautionary Tale,Chris Ayres,
Wildlife of New York: A Five-Borough Coloring Book,,
The Year of Living Biblically: One Man's Humble Quest to Follow the Bible as Literally as Possible,,
The Great Gatsby,F. Scott Fitzgerald,
The Good Girl,Mary Kubica,
The 7 Habits of Highly Effective People: Powerful Lessons in Personal Change,Whizbooks,
Steal Like an Artist: 10 Things Nobody Told You About Being Creative,Austin Kleon,
Life of Pi,Yann Martel,
The Sound Of Love,Norma Frances Greco,
The Perks of Being a Wallflower,Stephen Chbosky,
The Makings of a Fatherless Child,Chandler Alexander,
The Hobbit (Middle-Earth Universe),,
The Fellowship of the Ring (The Lord of the Rings #1),,
Ship Leaves Harbor: Essays on Travel by a Recovering Journeyman,,
Musicophilia: Tales of Music and the Brain,Oliver Sacks,
What If?: Serious Scientific Answers to Absurd Hypothetical Questions,,
The Fault in Our Stars,John Green,
The Dream Thieves (The Raven Cycle #2),,
The 5th Wave (The 5th Wave #1),Richard Yancey,
Shiver (The Wolves of Mercy Falls #1),,
Remember Me?,Christopher Pike,
If I Stay (If I Stay #1),,
I Know Why the Caged Bird Sings (Maya Angelou's Autobiography #1),,
Harry Potter and the Deathly Hallows (Harry Potter #7),,
Fool Me Once,Fern Michaels,
Drama,Raina Telgemeier,
"Blue Lily, Lily Blue (The Raven Cycle #3)",,
Alight (The Generations Trilogy #2),,
Vogue Colors A to Z: A Fashion Coloring Book,,
The Shining (The Shining #1),,
The Hunger Games (The Hunger Games #1),,
Outlander (Outlander #1),,
Mockingjay (The Hunger Games #3),,
Harry Potter and the Sorcerer's Stone (Harry Potter #1),,
Confessions of a Shopaholic (Shopaholic #1),,
Zero History (Blue Ant #3),,
World War Z: An Oral History of the Zombie War,Max Brooks,
Wild: From Lost to Found on the Pacific Crest Trail,Whizbooks,
"Where'd You Go, Bernadette",Maria Semple,
Twilight (Twilight #1),David Preti,
The Paris Wife,Paula McLain,
The Maze Runner (The Maze Runner #1),,
The Lover's Dictionary,David Levithan,
The Goldfinch,Donna Tartt,
The Giver (The Giver Quartet #1),,
The Girl Who Played with Fire (Millennium Trilogy #2),,
The Demon-Haunted World: Science as a Candle in the Dark,,
The Book Thief,Markus Zusak,
The Autobiography of Malcolm X,Harold Bloom,
Shopaholic & Baby (Shopaholic #5),,
Quiet: The Power of Introverts in a World That Can't Stop Talking,Book Junkie,
Packing for Mars: The Curious Science of Life in the Void,,
Orange Is the New Black,Piper Kerman,
One for the Money (Stephanie Plum #1),,
Morning Star (Red Rising #3),,
Life After Life,Raymond A. Moody,
"Lean In: Women, Work, and the Will to Lead",Worth Books,
Is Everyone Hanging Out Without Me? (And Other Concerns),Mindy Kaling,
Gone Girl,Gillian Flynn,
Fellside,M. R. Carey,
Eclipse (Twilight #3),,
Dracula,Bram Stoker,
Dead Wake: The Last Crossing of the Lusitania,,
"David and Goliath: Underdogs, Misfits, and the Art of Battling Giants",,
Dark Places,Gillian Flynn,
Breaking Dawn (Twilight #4),,
Beautiful Creatures (Caster Chronicles #1),,
A Visit from the Goon Squad,Jennifer Egan,
The Zombie Room,R. D. Ronald,
The Name of the Wind (The Kingkiller Chronicle #1),,
Taking Shots (Assassins #1),,
Shatter Me (Shatter Me #1),,
Paradise Lost (Paradise #1),,
On the Road (Duluoz Legend),,
Jane Eyre,Charlotte Brontë,
Frankenstein,Mary Shelley,
Mesaerion: The Best Science Fiction Stories 1800-1849,,
Join,T. J. Barnington,
"William Shakespeare's Star Wars: Verily, A New Hope (William Shakespeare's Star Wars #4)",,
The Project,Graeme Simsion,
Soft Apocalypse,Will McIntosh,
Sleeping Giants (Themis Files #1),,
Arena,Iris Murdoch,
Foundation (Foundation (Publication Order) #1),,
The Restaurant at the End of the Universe (Hitchhiker's Guide to the Galaxy #2),,
Ready Player One,Ernest Cline,
"Life, the Universe and Everything (Hitchhiker's Guide to the Galaxy #3)",,
Dune (Dune #1),Brian Herbert,
Do Androids Dream of Electric Sheep? (Blade Runner #1),,
Three Wishes (River of Time: California #1),,
The Last Girl (The Dominion Trilogy #1),,
Having the Barbarian's Baby (Ice Planet Barbarians #7.5),,
The Book of Basketball: The NBA According to The Sports Guy,,
"Friday Night Lights: A Town, a Team, and a Dream",,
Sugar Rush (Offensive Line #2),,
Settling the Score (The Summer Games #1),,
Icing (Aces Hockey #2),,
The Torch Is Passed: A Harding Family Story,,
"The Mindfulness and Acceptance Workbook for Anxiety: A Guide to Breaking Free from Anxiety, Phobias, and Worry Using Acceptance and Commitment Therapy",,
The Art Forger,Eric Hebborn,
On a Midnight Clear,Bruce Hammack,
Judo: Seven Steps to Black Belt (an Introductory Guide for Beginners),,
"Shobu Samurai, Project Aryoku (#3)",,
Modern Romance,Frederick William Rolfe,
The White Queen (The Cousins' War #1),,
The Song of Achilles,Madeline Miller,
The Immortal Life of Henrietta Lacks,Rebecca Skloot,
The Dovekeepers,Alice Hoffman,
More Than Music (Chasing the Dream #1),,
Code Name Verity (Code Name Verity #1),,
Cell,Kwang W. Jeon,
Angels Walking (Angels Walking #1),,
"A Series of Catastrophes and Miracles: A True Story of Love, Science, and Cancer",,
A People's History of the United States,Howard Zinn,
A Brush of Wings (Angels Walking #3),,
Rook,Christopher Griffiths,
The Midnight Watch: A Novel of the Titanic and the Californian,,
The Gray Rhino: How to Recognize and Act on the Obvious Dangers We Ignore,,
The Children,Edith Nesbit,
One with You (Crossfire #5),,
Without Shame,Dennis Craig Smith,
Watchmen,Alan Moore,
A Hero's Curse (The Unseen Chronicles #1),,
23 Degrees South: A Tropical Tale of Changing Whether...,,
The Glass Castle,Jeannette Walls,
The Drowning Girls,Paula Treick DeBoard,
Team of Rivals: The Political Genius of Abraham Lincoln,,
John Adams,John Adams,
Good in Bed (Cannie Shapiro #1),,
The Joy of Cooking,Peggy Dameron,
The Golden Compass (His Dark Materials #1),,
The God Delusion,Richard Dawkins,
Pride and Prejudice,Jane Austen,
Mere Christianity,C.S. Lewis,
Fun Home: A Family Tragicomic,,
The Raven King (The Raven Cycle #4),,
Find Her (Detective D.D. Warren #8),,
Evicted: Poverty and Profit in the American City,,
A Game of Thrones (A Song of Ice and Fire #1),,
A Clash of Kings (A Song of Ice and Fire #2),,
The Tipping Point: How Little Things Can Make a Big Difference,,
The Rest Is Noise: Listening to the Twentieth Century,,
The Purpose Driven Life: What on Earth Am I Here for?,Rick Warren,
The Hitchhiker's Guide to the Galaxy (Hitchhiker's Guide to the Galaxy #1),,
The Girl Who Kicked the Hornet's Nest (Millennium Trilogy #3),,
"The End of Faith: Religion, Terror, and the Future of Reason",,
The Complete Poems,John Milton,
The Catcher in the Rye,J. D. Salinger,
The Case for Christ (Cases for Christianity),Immanuel Bourne,
The Blind Side: Evolution of a Game,,
Seven Days in the Art World,Sarah Thornton,
Sarah's Key,Tatiana de Rosnay,
Rogue Lawyer (Rogue Lawyer #1),,
Manuscript Found in Accra,Paulo Coelho,
Fire Bound (Sea Haven/Sisters of the Heart #5),,
Cosmos,Alexander von Humboldt,
#GIRLBOSS,Celeste Bradley Designs,
The Sense of an Ending,Julian Barnes,
The Republic,R. F. Kuang,
The Odyssey,Όμηρος,
The Light of the Fireflies,Paul Pen,
The Iliad,Alfred John Church,
The Communist Manifesto,Karl Marx,
Lord of the Flies,William Golding,
Unicorn Tracks,Julia Ember,
"Saga, Volume 6 (Saga (Collected Editions) #6)",,
Princess Between Worlds (Wide-Awake Princess #5),,
Masks and Shadows,Winifred H. Mills,
Crown of Midnight (Throne of Glass #2),,
"Avatar: The Last Airbender: Smoke and Shadow, Part 3 (Smoke and Shadow #3)",,
A Court of Thorns and Roses (A Court of Thorns and Roses #1),Sarah J. Maas,
Throne of Glass (Throne of Glass #1),,
The Glittering Court (The Glittering Court #1),,
Hollow City (Miss Peregrineâs Peculiar Children #2),,
The Star-Touched Queen,Roshani Chokshi,
The Hidden Oracle (The Trials of Apollo #1),,
The Bane Chronicles (The Bane Chronicles #1-11),,
Island of Dragons (Unwanteds #7),,
Demigods & Magicians: Percy and Annabeth Meet the Kanes (Percy Jackson & Kane Chronicles Crossover #1-3),,
City of Glass (The Mortal Instruments #3),,
Searching for Meaning in Gailana,John H. T. Francis,
A Shard of Ice (The Black Symphony Saga #1),,
King's Folly (The Kinsman Chronicles #1),,
Every Heart a Doorway (Every Heart A Doorway #1),,
A Gathering of Shadows (Shades of Magic #2),,
The Raven Boys (The Raven Cycle #1),,
The False Prince (The Ascendance Trilogy #1),,
Tell the Wind and Fire,Sarah Rees Brennan,
A Feast for Crows (A Song of Ice and Fire #4),,
The Demonists (Demonist #1),,
The Beast (Black Dagger Brotherhood #14),,
Paper and Fire (The Great Library #2),,
Harry Potter and the Order of the Phoenix (Harry Potter #5),,
Harry Potter and the Half-Blood Prince (Harry Potter #6),,
Harry Potter and the Chamber of Secrets (Harry Potter #2),,
The Rose & the Dagger (The Wrath and the Dawn #2),,
Soldier (Talon #3),,
Midnight Riot (Peter Grant/ Rivers of London - books #1),,
Heir to the Sky,Amanda Sun,
Eragon (The Inheritance Cycle #1),,
Darkfever (Fever #1),,
Ash,Frank McCourt,
A Storm of Swords (A Song of Ice and Fire #3),,
Vampire Girl (Vampire Girl #1),Chloe Neill,
The Silent Twin (Detective Jennifer Knight #3),,
The Mirror & the Maze (The Wrath and the Dawn #1.5),,
Sister Sable (The Mad Queen #1),,
Shadow Rites (Jane Yellowrock #10),,
Origins (Alphas 0.5),,
One Second (Seven #7),,
Myriad (Prentor #1),,
Without Borders (Wanderlove #1),,
The Mistake (Off-Campus #2),,
The Matchmaker's Playbook (Wingmen Inc. #1),,
The Hook Up (Game On #1),,
Shameless,Karen Robards,
Off Sides (Off #1),,
The Requiem Red,Brian L. Porter,
Set Me Free,Jay Dee,
The Natural History of Us (The Fine Art of Pretending #2),,
Obsidian (Lux #1),,
Burning,Jack London,
A Fierce and Subtle Poison,Samantha Mabry,
Scarlett Epstein Hates It Here,Anna Breslaw,
"Nightingale, Sing",Monica Dickens,
Library of Souls (Miss Peregrineâs Peculiar Children #3),,
Frostbite (Vampire Academy #2),,
Wild Swans,Jung Chang,
Until Friday Night (The Field Party #1),,
This Is Where It Ends,Marieke Nijkamp,
The Darkest Lie,Gena Showalter,
My Kind of Crazy,Robin Reul,
Don't Get Caught,Kurt Dinan,
Catching Jordan (Hundred Oaks),,
Aristotle and Dante Discover the Secrets of the Universe (Aristotle and Dante Discover the Secrets of the Universe #1),,
The Epidemic (The Program 0.6),,
Stars Above (The Lunar Chronicles #4.5),,
No Love Allowed (Dodge Cove #1),,
"Exit, Pursued by a Bear",E. K. Johnston,
The Alien Club,Trel W Sidoruk,
Don't Forget Steven,P. D. Workman,
South of Sunshine,Dana Elmendorf,
My Life Next Door (My Life Next Door ),Huntley Fitzpatrick,
Future Shock (Future Shock #1),,
Nightstruck: A Novel,,
Tell the Wolves I'm Home,Carol Rifka Brunt,
"Will Grayson, Will Grayson (Will Grayson, Will Grayson)",John Green,
Where She Went (If I Stay #2),,
Two Summers,Edward Harrison Barker,
The Darkest Corners,Elizabeth Haynes,
Tell Me Three Things,Julie Buxbaum,
Lola and the Boy Next Door (Anna and the French Kiss #2),,
Kill the Boy Band,Goldy Moldavsky,
Isla and the Happily Ever After (Anna and the French Kiss #3),,
An Abundance of Katherines,John Green,
Harry Potter and the Prisoner of Azkaban (Harry Potter #3),Dollhouse,
Walk the Edge (Thunder Road #2),,
Two Boys Kissing,David Levithan,
The New Guy (and Other Senior Year Distractions),Amy Spalding,
"The Land of 10,000 Madonnas",Kate Hattemer,
Scarlet (The Lunar Chronicles #2),,
Legend (Legend #1),Gregory Mundy,
Lady Renegades (Rebel Belle #3),,
Golden (Heart of Dread #3),,
Cinder (The Lunar Chronicles #1),,
Boy Meets Boy,Ali Smith,
Annie on My Mind,Nancy Garden,
New Moon (Twilight #2),,
Girl Online On Tour (Girl Online #2),,
The Haters,Thomas Shadwell,
The Art of Not Breathing,Sarah Alexander,
The Most Perfect Thing: Inside (and Outside) a Bird's Egg,,
Immunity: How Elie Metchnikoff Changed the Course of Modern Medicine,,
Sorting the Beef from the Bull: The Science of Food Fraud Forensics,,
Tipping Point for Planet Earth: How Close Are We to the Edge?,,
"The Fabric of the Cosmos: Space, Time, and the Texture of Reality",,
Diary of a Citizen Scientist: Chasing Tiger Beetles and Other New Ways of Engaging the World,,
The Origin of Species,Charles Darwin,
The Grand Design,Stephen Hawking,
Peak: Secrets from the New Science of Expertise,The Mindset Warrior,
"The Elegant Universe: Superstrings, Hidden Dimensions, and the Quest for the Ultimate Theory",,
"The Disappearing Spoon: And Other True Tales of Madness, Love, and the History of the World from the Periodic Table of the Elements",,
"Surely You're Joking, Mr. Feynman!: Adventures of a Curious Character",,
Seven Brief Lessons on Physics,Carlo Rovelli,
The Selfish Gene,Richard Dawkins,
A Light in the Attic,Shel Silverstein,
The Black Maria,Aracelis Girmay,
Shakespeare's Sonnets,William Shakespeare,
Olio,Ettore Maiotti,
You can't bury them all: Poems,,
Slow States of Collapse: Poems,,
Untitled Collection: Sabbath Poems 2014,,
Poems That Make Grown Women Cry,Anthony Holden,
Night Sky with Exit Wounds,Ocean Vuong,
salt.,Patricia Highsmith,
"Quarter Life Poetry: Poems for the Young, Broke and Hangry",,
Out of Print: City Lights Spotlight No. 14,,
Les Fleurs du Mal,Charles Baudelaire,
Howl and Other Poems,Allen Ginsberg,
Leave This Song Behind: Teen Poetry at Its Best,,
The Collected Poems of W.B. Yeats (The Collected Works of W.B. Yeats #1),,
The Crossover,Kwame Alexander,
Booked,Rudyard Kipling,
Twenty Love Poems and a Song of Despair,J. Simon Harris,
"Vampire Knight, Vol. 1 (Vampire Knight #1)",,
Wall and Piece,Banksy,
Feathers: Displays of Brilliant Plumage,,
Art and Fear: Observations on the Perils (and Rewards) of Artmaking,,
The New Drawing on the Right Side of the Brain,Betty Edwards,
History of Beauty,Katy Kelleher,
The Story of Art,E. H. Gombrich,
The Art Book,Robert Crumb,
Ways of Seeing,John Berger,
The Lucifer Effect: Understanding How Good People Turn Evil,,
The Golden Condom: And Other Essays on Love Lost and Found,,
It Didn't Start with You: How Inherited Family Trauma Shapes Who We Are and How to End the Cycle,,
An Unquiet Mind: A Memoir of Moods and Madness,,
"Thinking, Fast and Slow",Daniel Kahneman,
Civilization and Its Discontents,Sigmund Freud,
8 Keys to Mental Health Through Exercise,Christina G. Hibbert,
The Argonauts,Bronisław Malinowski,
M Train,Patti Smith,
Lab Girl,Hope Jahren,
Approval Junkie: Adventures in Caring Too Much,,
Running with Scissors,Augusten Burroughs,
Me Talk Pretty One Day,David Sedaris,
Lust & Wonder,James Mahoney,
Life Without a Recipe,Diana Abu-Jaber,
A Heartbreaking Work of Staggering Genius,Dave Eggers,
Catastrophic Happiness: Finding Joy in Childhood's Messy Years,,
Fifty Shades Freed (Fifty Shades #3),,
The Long Haul (Diary of a Wimpy Kid #9),,
Old School (Diary of a Wimpy Kid #10),,
I Know What I'm Doing -- and Other Lies I Tell Myself: Dispatches from a Life Under Construction,,
"Hyperbole and a Half: Unfortunate Situations, Flawed Coping Mechanisms, Mayhem, and Other Things That Happened",,
Dress Your Family in Corduroy and Denim,David Sedaris,
Toddlers Are A**holes: It's Not Your Fault,,
When You Are Engulfed in Flames,David Sedaris,
Naked,Isaac Asimov,
"Lamb: The Gospel According to Biff, Christ's Childhood Pal",Christopher Moore,
Holidays on Ice,David Sedaris,
Security,Benjamin Graham,
Follow You Home,"Edwards, Mark (Fiction writer)",
The Loney,Andrew Michael Hurley,
Pet Sematary,Stephen King,
Doctor Sleep (The Shining #2),,
Psycho: Sanitarium (Psycho #1.5),,
Can You Keep a Secret? (Fear Street Relaunch #4),,
Red Dragon (Hannibal Lecter #1),,
Dracula the Un-Dead,Dacre Stoker,
Night Shift (Night Shift #1-20),,
Needful Things,Stephen King,
Misery,Stephen King,
It,Edith Nesbit,
'Salem's Lot,Stephen King,
The Stand,Stephen King,
The Girl with All the Gifts,M. R. Carey,
House of Leaves,Mark Z. Danielewski,
Sapiens: A Brief History of Humankind,BookNation,
"Unbound: How Eight Technologies Made Us Human, Transformed Society, and Brought Our World to the Brink",,
The Age of Genius: The Seventeenth Century and the Birth of the Modern Mind,A. C. Grayling,
"Political Suicide: Missteps, Peccadilloes, Bad Calls, Backroom Hijinx, Sordid Pasts, Rotten Breaks, and Just Plain Dumb Mistakes in the Annals of American Politics",,
Thomas Jefferson and the Tripoli Pirates: The Forgotten War That Changed American History,Worth Books,
Zealot: The Life and Times of Jesus of Nazareth,Reza Aslan,
A Distant Mirror: The Calamitous 14th Century,,
1491: New Revelations of the Americas Before Columbus,,
Brilliant Beacons: A History of the American Lighthouse,,
"""Most Blessed of the Patriarchs"": Thomas Jefferson and the Empire of the Imagination",,
A Short History of Nearly Everything,Bill Bryson,
The Rise and Fall of the Third Reich: A History of Nazi Germany,WILLIAM L. SHIRER,
Catherine the Great: Portrait of a Woman,,
The Mathews Men: Seven Brothers and the War Against Hitler's U-boats,,
The Hiding Place,Corrie ten Boom,
America's War for the Greater Middle East: A Military History,,
The Guns of August,Barbara Tuchman,
"House of Lost Worlds: Dinosaurs, Dynasties, and the Story of Life on Earth",,
"Foolproof Preserving: A Guide to Small Batch Jams, Jellies, Pickles, Condiments, and More: A Foolproof Guide to Making Small Batch Jams, Jellies, Pickles, Condiments, and More",,
"The Pioneer Woman Cooks: Dinnertime: Comfort Classics, Freezer Food, 16-Minute Meals, and Other Delicious Ways to Solve Supper!",Ree Drummond,
My Paris Kitchen: Recipes and Stories,,
"Mama Tried: Traditional Italian Cooking for the Screwed, Crude, Vegan, and Tattooed",,
"Layered: Baking, Building, and Styling Spectacular Cakes",,
The Nerdy Nummies Cookbook: Sweet Treats for the Geek in All of Us,,
The Love and Lemons Cookbook: An Apple-to-Zucchini Celebration of Impromptu Cooking,,
The Cookies & Cups Cookbook: 125+ sweet & savory recipes reminding you to Always Eat Dessert First,,
"Deliciously Ella Every Day: Quick and Easy Recipes for Gluten-Free Snacks, Packed Lunches, and Simple Meals",,
The Help Yourself Cookbook for Kids: 60 Easy Plant-Based Recipes Kids Can Make to Stay Healthy and Save the Earth,,
"It's All Easy: Healthy, Delicious Weeknight Meals in under 30 Minutes",,
Barefoot Contessa Back to Basics,Ina Garten,
Barefoot Contessa at Home: Everyday Recipes You'll Make Over and Over Again,,
My Kitchen Year: 136 Recipes That Saved My Life,,
Everyday Italian: 125 Simple and Delicious Recipes,,
"A la Mode: 120 Recipes in 60 Pairings: Pies, Tarts, Cakes, Crisps, and More Topped with Ice Cream, Gelato, Frozen Custard, and More",,
Cravings: Recipes for What You Want to Eat,,
"The Moosewood Cookbook: Recipes from Moosewood Restaurant, Ithaca, New York",,
32 Yolks,Eric Ripert,
"Naturally Lean: 125 Nourishing Gluten-Free, Plant-Based Recipes--All Under 300 Calories",,
How to Cook Everything Vegetarian: Simple Meatless Recipes for Great Food (How to Cook Everything),,
How to Be a Domestic Goddess: Baking and the Art of Comfort Cooking,,
The Barefoot Contessa Cookbook,Ina Garten,
Better Homes and Gardens New Cook Book,,
The Power Greens Cookbook: 140 Delicious Superfood Recipes,,
Mexican Today: New and Rediscovered Recipes for Contemporary Kitchens,,
Vegan Vegetarian Omnivore: Dinner for Everyone at the Table,,
The Smitten Kitchen Cookbook,Deb Perelman,
"The Art of Simple Food: Notes, Lessons, and Recipes from a Delicious Revolution",,
Hungry Girl Clean & Hungry: Easy All-Natural Recipes for Healthy Eating in the Real World,,
Redeeming Love,Francine Rivers,
Close to You,Terrence Real,
Shadows of the Past (Logan Point #1),,
Like Never Before (Walker Family #2),,
Counted With the Stars (Out from Egypt #1),,
If I Run (If I Run #1),,
The Dirty Little Secrets of Getting Your Dream Job,Don Raskin,
The Third Wave: An Entrepreneurâs Vision of the Future,,
The 10% Entrepreneur: Live Your Startup Dream Without Quitting Your Day Job,,
Shoe Dog: A Memoir by the Creator of NIKE,,
Made to Stick: Why Some Ideas Survive and Others Die,,
Quench Your Own Thirst: Business Lessons Learned Over a Beer or Two,,
The Art of Startup Fundraising,Alejandro Cremades,
Born for This: How to Find the Work You Were Meant to Do,,
The E-Myth Revisited: Why Most Small Businesses Don't Work and What to Do About It,,
"Rich Dad, Poor Dad",Robert T. Kiyosaki,
The Lean Startup: How Today's Entrepreneurs Use Continuous Innovation to Create Radically Successful Businesses,Worth Books,
Rework,Jason Fried,
Louisa: The Extraordinary Life of Mrs. Adams,,
"Setting the World on Fire: The Brief, Astonishing Life of St. Catherine of Siena",,
The Faith of Christopher Hitchens: The Restless Soul of the World's Most Notorious Atheist,,
Benjamin Franklin: An American Life,Walter Isaacson,
The Rise of Theodore Roosevelt (Theodore Roosevelt #1),,
In Her Wake,Amanda Jennings,
The Elephant Tree,Penny Dale,
Behind Closed Doors,B.A. Paris,
You (You #1),Paul Tobin,
The Guilty (Will Robie #4),,
The 14th Colony (Cotton Malone #11),,
Give It Back,Kimberly Daniels,
Killing Floor (Jack Reacher #1),,
The Bone Hunters (Lexy Vaughan & Steven Macaulay #2),,
Far From True (Promise Falls Trilogy #2),,
The Travelers,Charles Dickens,
When We Collided,Emery Lord,
Someone Like You (The Harrisons #2),,
We Are All Completely Beside Ourselves,Karen Joy Fowler,
The Four Agreements: A Practical Guide to Personal Freedom,"Ruiz, Miguel, 1952-",
The Activist's Tao Te Ching: Ancient Advice for a Modern Revolution,,
Chasing Heaven: What Dying Taught Me About Living,,
If I Gave You God's Phone Number....: Searching for Spirituality in America,,
Unreasonable Hope: Finding Faith in the God Who Brings Purpose to Your Pain,,
A New Earth: Awakening to Your Life's Purpose,,
Logan Kade (Fallen Crest High #5.5),,
Online Marketing for Busy Authors: A Step-By-Step Guide,,
How to Be Miserable: 40 Strategies You Already Use,,
"Overload: How to Unplug, Unwind, and Unleash Yourself from the Pressure of Stress",,
You Are a Badass: How to Stop Doubting Your Greatness and Start Living an Awesome Life,alex,
How to Stop Worrying and Start Living,Dale Carnegie,
All the Light We Cannot See,Anthony Doerr,
The Girl You Left Behind (The Girl You Left Behind #1),,
(Un)Qualified: How God Uses Broken People to Do Big Things,,
Crazy Love: Overwhelmed by a Relentless God,Chris Tomlin,
Blue Like Jazz: Nonreligious Thoughts on Christian Spirituality,,
Silence in the Dark (Logan Point #4),,
The Grownup,David Wisniewski,
Suzie Snowflake: One beautiful flake (a self-esteem story),,
"The Bulletproof Diet: Lose up to a Pound a Day, Reclaim Energy and Focus, Upgrade Your Life",,
"Eat Fat, Get Thin",Katya Johansson,
10-Day Green Smoothie Cleanse: Lose Up to 15 Pounds in 10 Days!,,
The Art and Science of Low Carbohydrate Living,Jeff Volek,
Libertarianism for Beginners,Todd Seavey,
Why the Right Went Wrong: Conservatism--From Goldwater to the Tea Party and Beyond,,
Equal Is Unfair: America's Misguided Fight Against Income Inequality,,
Amid the Chaos,Nia Quin,
Dark Notes,Pam Godwin`,
The Long Shadow of Small Ghosts: Murder and Memory in an American City,,
